game,outcome,mechanism,round,delta_pp,ci95_low_pp,ci95_high_pp,n_models,bootstrap_draws,method
PD,cooperation,reputation,1,24.189999999999998,2.5462962962962963,53.81999999999999,6,4000,two-stage model/run percentile bootstrap; fixed overall RQ1 baseline
PD,cooperation,reputation,2,19.328888888888887,0.0,51.04222222222222,6,4000,two-stage model/run percentile bootstrap; fixed overall RQ1 baseline
PD,cooperation,reputation,3,16.782592592592593,0.0,48.495925925925924,6,4000,two-stage model/run percentile bootstrap; fixed overall RQ1 baseline
PD,cooperation,reputation,4,16.088148148148147,0.0,47.80148148148148,6,4000,two-stage model/run percentile bootstrap; fixed overall RQ1 baseline
PD,cooperation,reputation,5,15.856666666666667,0.0,47.57,6,4000,two-stage model/run percentile bootstrap; fixed overall RQ1 baseline
PD,cooperation,reputation,6,15.856666666666667,0.0,47.57,6,4000,two-stage model/run percentile bootstrap; fixed overall RQ1 baseline
PD,cooperation,reputation,7,15.856666666666667,0.0,47.57,6,4000,two-stage model/run percentile bootstrap; fixed overall RQ1 baseline
PD,cooperation,reputation,8,15.856666666666667,0.0,47.57,6,4000,two-stage model/run percentile bootstrap; fixed overall RQ1 baseline
PD,cooperation,reputation,9,15.856666666666667,0.0,47.57,6,4000,two-stage model/run percentile bootstrap; fixed overall RQ1 baseline
PD,cooperation,reputation,10,15.856666666666667,0.0,47.57,6,4000,two-stage model/run percentile bootstrap; fixed overall RQ1 baseline
PD,cooperation,reward,1,39.930740740740745,9.49074074074074,72.10666666666667,6,4000,two-stage model/run percentile bootstrap; fixed overall RQ1 baseline
PD,cooperation,reward,2,32.986296296296295,4.6238425925925934,62.73186111111112,6,4000,two-stage model/run percentile bootstrap; fixed overall RQ1 baseline
PD,cooperation,reward,3,28.58814814814815,1.6203703703703702,58.102231481481475,6,4000,two-stage model/run percentile bootstrap; fixed overall RQ1 baseline
PD,cooperation,reward,4,25.578888888888887,0.6944444444444443,53.47296296296296,6,4000,two-stage model/run percentile bootstrap; fixed overall RQ1 baseline
PD,cooperation,reward,5,24.884444444444444,0.6944444444444443,52.20251851851853,6,4000,two-stage model/run percentile bootstrap; fixed overall RQ1 baseline
PD,cooperation,reward,6,25.347407407407406,0.9259259259259257,54.05726851851854,6,4000,two-stage model/run percentile bootstrap; fixed overall RQ1 baseline
PD,cooperation,reward,7,23.958518518518517,0.9259259259259257,52.08407407407407,6,4000,two-stage model/run percentile bootstrap; fixed overall RQ1 baseline
PD,cooperation,reward,8,24.884444444444444,0.46296296296296285,52.43111111111111,6,4000,two-stage model/run percentile bootstrap; fixed overall RQ1 baseline
PD,cooperation,reward,9,25.347407407407406,0.46296296296296285,55.902972222222225,6,4000,two-stage model/run percentile bootstrap; fixed overall RQ1 baseline
PD,cooperation,reward,10,23.727037037037036,0.0,53.82,6,4000,two-stage model/run percentile bootstrap; fixed overall RQ1 baseline
PD,cooperation,punishment,1,6.365925925925926,0.0,18.055555555555557,6,4000,two-stage model/run percentile bootstrap; fixed overall RQ1 baseline
PD,cooperation,punishment,2,7.986296296296298,0.0,23.729935185185198,6,4000,two-stage model/run percentile bootstrap; fixed overall RQ1 baseline
PD,cooperation,punishment,3,6.365925925925926,0.8103703703703699,16.203703703703702,6,4000,two-stage model/run percentile bootstrap; fixed overall RQ1 baseline
PD,cooperation,punishment,4,7.986296296296296,0.0,21.643703703703704,6,4000,two-stage model/run percentile bootstrap; fixed overall RQ1 baseline
PD,cooperation,punishment,5,6.365925925925925,0.0,17.477037037037032,6,4000,two-stage model/run percentile bootstrap; fixed overall RQ1 baseline
PD,cooperation,punishment,6,4.514074074074074,0.0,12.268527777777779,6,4000,two-stage model/run percentile bootstrap; fixed overall RQ1 baseline
PD,cooperation,punishment,7,6.134444444444444,0.0,17.824074074074076,6,4000,two-stage model/run percentile bootstrap; fixed overall RQ1 baseline
PD,cooperation,punishment,8,7.291851851851852,-0.5785185185185187,22.222222222222218,6,4000,two-stage model/run percentile bootstrap; fixed overall RQ1 baseline
PD,cooperation,punishment,9,8.912222222222223,0.46296296296296285,22.338148148148147,6,4000,two-stage model/run percentile bootstrap; fixed overall RQ1 baseline
PD,cooperation,punishment,10,9.838148148148148,1.1574074074074072,25.23148148148148,6,4000,two-stage model/run percentile bootstrap; fixed overall RQ1 baseline
PGG,contribution,reputation,1,38.80324074074074,13.571006944444445,67.36186342592592,6,4000,two-stage model/run percentile bootstrap; fixed overall RQ1 baseline
PGG,contribution,reputation,2,40.469907407407405,13.041956018518519,70.22685185185185,6,4000,two-stage model/run percentile bootstrap; fixed overall RQ1 baseline
PGG,contribution,reputation,3,43.72222222222222,13.193749999999998,77.05555555555556,6,4000,two-stage model/run percentile bootstrap; fixed overall RQ1 baseline
PGG,contribution,reputation,4,41.8125,8.710648148148147,75.20370370370371,6,4000,two-stage model/run percentile bootstrap; fixed overall RQ1 baseline
PGG,contribution,reputation,5,41.291666666666664,7.958333333333333,74.625,6,4000,two-stage model/run percentile bootstrap; fixed overall RQ1 baseline
PGG,contribution,reputation,6,41.291666666666664,7.958333333333333,74.625,6,4000,two-stage model/run percentile bootstrap; fixed overall RQ1 baseline
PGG,contribution,reputation,7,41.291666666666664,7.958333333333333,74.625,6,4000,two-stage model/run percentile bootstrap; fixed overall RQ1 baseline
PGG,contribution,reputation,8,41.291666666666664,7.958333333333333,74.625,6,4000,two-stage model/run percentile bootstrap; fixed overall RQ1 baseline
PGG,contribution,reputation,9,41.291666666666664,7.958333333333333,74.625,6,4000,two-stage model/run percentile bootstrap; fixed overall RQ1 baseline
PGG,contribution,reputation,10,41.291666666666664,7.958333333333333,74.625,6,4000,two-stage model/run percentile bootstrap; fixed overall RQ1 baseline
PGG,contribution,reputation,11,41.291666666666664,7.958333333333333,74.625,6,4000,two-stage model/run percentile bootstrap; fixed overall RQ1 baseline
PGG,contribution,reputation,12,41.291666666666664,7.958333333333333,74.625,6,4000,two-stage model/run percentile bootstrap; fixed overall RQ1 baseline
PGG,contribution,reputation,13,41.291666666666664,7.958333333333333,74.625,6,4000,two-stage model/run percentile bootstrap; fixed overall RQ1 baseline
PGG,contribution,reputation,14,41.291666666666664,7.958333333333333,74.625,6,4000,two-stage model/run percentile bootstrap; fixed overall RQ1 baseline
PGG,contribution,reputation,15,41.291666666666664,7.958333333333333,74.625,6,4000,two-stage model/run percentile bootstrap; fixed overall RQ1 baseline
PGG,contribution,reputation,16,41.291666666666664,7.958333333333333,74.625,6,4000,two-stage model/run percentile bootstrap; fixed overall RQ1 baseline
PGG,contribution,reputation,17,41.291666666666664,7.958333333333333,74.625,6,4000,two-stage model/run percentile bootstrap; fixed overall RQ1 baseline
PGG,contribution,reputation,18,41.291666666666664,7.958333333333333,74.625,6,4000,two-stage model/run percentile bootstrap; fixed overall RQ1 baseline
PGG,contribution,reputation,19,41.291666666666664,7.958333333333333,74.625,6,4000,two-stage model/run percentile bootstrap; fixed overall RQ1 baseline
PGG,contribution,reputation,20,41.291666666666664,7.958333333333333,74.625,6,4000,two-stage model/run percentile bootstrap; fixed overall RQ1 baseline
PGG,contribution,reputation,21,41.291666666666664,7.958333333333333,74.625,6,4000,two-stage model/run percentile bootstrap; fixed overall RQ1 baseline
PGG,contribution,reputation,22,41.291666666666664,7.958333333333333,74.625,6,4000,two-stage model/run percentile bootstrap; fixed overall RQ1 baseline
PGG,contribution,reputation,23,41.291666666666664,7.958333333333333,74.625,6,4000,two-stage model/run percentile bootstrap; fixed overall RQ1 baseline
PGG,contribution,reputation,24,41.291666666666664,7.958333333333333,74.625,6,4000,two-stage model/run percentile bootstrap; fixed overall RQ1 baseline
PGG,contribution,reputation,25,41.291666666666664,7.958333333333333,74.625,6,4000,two-stage model/run percentile bootstrap; fixed overall RQ1 baseline
PGG,contribution,reputation,26,40.8287037037037,7.958333333333333,74.625,6,4000,two-stage model/run percentile bootstrap; fixed overall RQ1 baseline
PGG,contribution,reputation,27,41.06018518518519,7.958333333333333,74.625,6,4000,two-stage model/run percentile bootstrap; fixed overall RQ1 baseline
PGG,contribution,reputation,28,41.291666666666664,7.958333333333333,74.625,6,4000,two-stage model/run percentile bootstrap; fixed overall RQ1 baseline
PGG,contribution,reputation,29,41.291666666666664,7.958333333333333,74.625,6,4000,two-stage model/run percentile bootstrap; fixed overall RQ1 baseline
PGG,contribution,reputation,30,41.291666666666664,7.958333333333333,74.625,6,4000,two-stage model/run percentile bootstrap; fixed overall RQ1 baseline
PGG,contribution,reward,1,37.96990740740741,16.38425925925926,61.951446759259255,6,4000,two-stage model/run percentile bootstrap; fixed overall RQ1 baseline
PGG,contribution,reward,2,25.041666666666668,7.581018518518518,44.73171296296296,6,4000,two-stage model/run percentile bootstrap; fixed overall RQ1 baseline
PGG,contribution,reward,3,13.513888888888891,1.1574074074074077,27.347222222222225,6,4000,two-stage model/run percentile bootstrap; fixed overall RQ1 baseline
PGG,contribution,reward,4,11.430555555555555,0.0,25.000752314814832,6,4000,two-stage model/run percentile bootstrap; fixed overall RQ1 baseline
PGG,contribution,reward,5,10.574074074074074,0.0,23.50462962962963,6,4000,two-stage model/run percentile bootstrap; fixed overall RQ1 baseline
PGG,contribution,reward,6,7.333333333333333,0.0,16.944444444444446,6,4000,two-stage model/run percentile bootstrap; fixed overall RQ1 baseline
PGG,contribution,reward,7,9.219907407407407,0.0,20.368171296296296,6,4000,two-stage model/run percentile bootstrap; fixed overall RQ1 baseline
PGG,contribution,reward,8,8.039351851851853,0.0,19.266377314814818,6,4000,two-stage model/run percentile bootstrap; fixed overall RQ1 baseline
PGG,contribution,reward,9,7.587962962962962,0.0,18.780324074074073,6,4000,two-stage model/run percentile bootstrap; fixed overall RQ1 baseline
PGG,contribution,reward,10,4.405092592592593,0.0,11.23148148148148,6,4000,two-stage model/run percentile bootstrap; fixed overall RQ1 baseline
PGG,contribution,reward,11,2.8078703703703702,0.0,9.291666666666664,6,4000,two-stage model/run percentile bootstrap; fixed overall RQ1 baseline
PGG,contribution,reward,12,1.3611111111111114,-0.027777777777777752,4.574074074074074,6,4000,two-stage model/run percentile bootstrap; fixed overall RQ1 baseline
PGG,contribution,reward,13,1.013888888888889,-0.027777777777777752,4.028472222222225,6,4000,two-stage model/run percentile bootstrap; fixed overall RQ1 baseline
PGG,contribution,reward,14,0.7824074074074076,-0.375,3.87962962962963,6,4000,two-stage model/run percentile bootstrap; fixed overall RQ1 baseline
PGG,contribution,reward,15,0.7824074074074076,-0.375,3.87962962962963,6,4000,two-stage model/run percentile bootstrap; fixed overall RQ1 baseline
PGG,contribution,reward,16,0.7824074074074076,-0.375,3.87962962962963,6,4000,two-stage model/run percentile bootstrap; fixed overall RQ1 baseline
PGG,contribution,reward,17,0.7824074074074076,-0.375,3.87962962962963,6,4000,two-stage model/run percentile bootstrap; fixed overall RQ1 baseline
PGG,contribution,reward,18,-0.2592592592592593,-0.8935185185185186,0.0,6,4000,two-stage model/run percentile bootstrap; fixed overall RQ1 baseline
PGG,contribution,reward,19,0.08796296296296287,-0.6620370370370371,1.1018518518518514,6,4000,two-stage model/run percentile bootstrap; fixed overall RQ1 baseline
PGG,contribution,reward,20,-0.375,-1.125,0.0,6,4000,two-stage model/run percentile bootstrap; fixed overall RQ1 baseline
PGG,contribution,reward,21,-0.375,-1.125,0.0,6,4000,two-stage model/run percentile bootstrap; fixed overall RQ1 baseline
PGG,contribution,reward,22,-0.375,-1.125,0.0,6,4000,two-stage model/run percentile bootstrap; fixed overall RQ1 baseline
PGG,contribution,reward,23,-0.375,-1.125,0.0,6,4000,two-stage model/run percentile bootstrap; fixed overall RQ1 baseline
PGG,contribution,reward,24,-0.375,-1.125,0.0,6,4000,two-stage model/run percentile bootstrap; fixed overall RQ1 baseline
PGG,contribution,reward,25,-0.375,-1.125,0.0,6,4000,two-stage model/run percentile bootstrap; fixed overall RQ1 baseline
PGG,contribution,reward,26,-0.375,-1.125,0.0,6,4000,two-stage model/run percentile bootstrap; fixed overall RQ1 baseline
PGG,contribution,reward,27,-0.375,-1.125,0.0,6,4000,two-stage model/run percentile bootstrap; fixed overall RQ1 baseline
PGG,contribution,reward,28,-0.375,-1.125,0.0,6,4000,two-stage model/run percentile bootstrap; fixed overall RQ1 baseline
PGG,contribution,reward,29,-0.375,-1.125,0.0,6,4000,two-stage model/run percentile bootstrap; fixed overall RQ1 baseline
PGG,contribution,reward,30,-0.375,-1.125,0.0,6,4000,two-stage model/run percentile bootstrap; fixed overall RQ1 baseline
PGG,contribution,punishment,1,41.92824074074074,12.673611111111112,74.39421296296297,6,4000,two-stage model/run percentile bootstrap; fixed overall RQ1 baseline
PGG,contribution,punishment,2,49.677083333333336,16.666666666666668,83.24652777777777,6,4000,two-stage model/run percentile bootstrap; fixed overall RQ1 baseline
PGG,contribution,punishment,3,49.97222222222222,16.63888888888889,83.34131944444447,6,4000,two-stage model/run percentile bootstrap; fixed overall RQ1 baseline
PGG,contribution,punishment,4,49.97222222222222,16.63888888888889,83.33333333333333,6,4000,two-stage model/run percentile bootstrap; fixed overall RQ1 baseline
PGG,contribution,punishment,5,50.31944444444445,16.666666666666668,83.65277777777779,6,4000,two-stage model/run percentile bootstrap; fixed overall RQ1 baseline
PGG,contribution,punishment,6,49.798611111111114,16.465277777777775,83.33333333333333,6,4000,two-stage model/run percentile bootstrap; fixed overall RQ1 baseline
PGG,contribution,punishment,7,51.361111111111114,16.666666666666668,84.69444444444444,6,4000,two-stage model/run percentile bootstrap; fixed overall RQ1 baseline
PGG,contribution,punishment,8,49.798611111111114,16.666666666666668,83.30625,6,4000,two-stage model/run percentile bootstrap; fixed overall RQ1 baseline
PGG,contribution,punishment,9,49.451388888888886,16.118055555555557,83.33333333333333,6,4000,two-stage model/run percentile bootstrap; fixed overall RQ1 baseline
PGG,contribution,punishment,10,47.541666666666664,15.25,81.25,6,4000,two-stage model/run percentile bootstrap; fixed overall RQ1 baseline
PGG,contribution,punishment,11,49.97222222222222,16.63888888888889,83.33333333333333,6,4000,two-stage model/run percentile bootstrap; fixed overall RQ1 baseline
PGG,contribution,punishment,12,49.625,16.291666666666668,83.33333333333333,6,4000,two-stage model/run percentile bootstrap; fixed overall RQ1 baseline
PGG,contribution,punishment,13,49.798611111111114,16.666666666666668,83.30555555555556,6,4000,two-stage model/run percentile bootstrap; fixed overall RQ1 baseline
PGG,contribution,punishment,14,49.45138888888889,16.46527777777778,83.33333333333333,6,4000,two-stage model/run percentile bootstrap; fixed overall RQ1 baseline
PGG,contribution,punishment,15,50.31944444444445,16.666666666666668,83.65277777777779,6,4000,two-stage model/run percentile bootstrap; fixed overall RQ1 baseline
PGG,contribution,punishment,16,50.927083333333336,16.666666666666668,84.28862847222233,6,4000,two-stage model/run percentile bootstrap; fixed overall RQ1 baseline
PGG,contribution,punishment,17,50.84027777777778,16.666666666666668,84.21267361111126,6,4000,two-stage model/run percentile bootstrap; fixed overall RQ1 baseline
PGG,contribution,punishment,18,48.93055555555555,15.597222222222223,83.35000000000005,6,4000,two-stage model/run percentile bootstrap; fixed overall RQ1 baseline
PGG,contribution,punishment,19,51.447916666666664,16.666666666666668,84.78125,6,4000,two-stage model/run percentile bootstrap; fixed overall RQ1 baseline
PGG,contribution,punishment,20,48.75694444444445,15.770833333333334,82.6388888888889,6,4000,two-stage model/run percentile bootstrap; fixed overall RQ1 baseline
PGG,contribution,punishment,21,50.75347222222222,16.666666666666668,84.09765625000004,6,4000,two-stage model/run percentile bootstrap; fixed overall RQ1 baseline
PGG,contribution,punishment,22,50.666666666666664,16.666666666666668,84.0,6,4000,two-stage model/run percentile bootstrap; fixed overall RQ1 baseline
PGG,contribution,punishment,23,48.583333333333336,15.25,83.33333333333333,6,4000,two-stage model/run percentile bootstrap; fixed overall RQ1 baseline
PGG,contribution,punishment,24,49.451388888888886,16.118055555555554,83.33333333333333,6,4000,two-stage model/run percentile bootstrap; fixed overall RQ1 baseline
PGG,contribution,punishment,25,49.45138888888889,16.46527777777778,83.33333333333333,6,4000,two-stage model/run percentile bootstrap; fixed overall RQ1 baseline
PGG,contribution,punishment,26,49.53819444444445,16.20486111111111,83.33333333333333,6,4000,two-stage model/run percentile bootstrap; fixed overall RQ1 baseline
PGG,contribution,punishment,27,47.541666666666664,14.208333333333334,83.33333333333333,6,4000,two-stage model/run percentile bootstrap; fixed overall RQ1 baseline
PGG,contribution,punishment,28,47.888888888888886,14.555555555555555,83.33333333333333,6,4000,two-stage model/run percentile bootstrap; fixed overall RQ1 baseline
PGG,contribution,punishment,29,48.236111111111114,15.25,82.98611111111111,6,4000,two-stage model/run percentile bootstrap; fixed overall RQ1 baseline
PGG,contribution,punishment,30,46.5,13.513888888888888,82.6388888888889,6,4000,two-stage model/run percentile bootstrap; fixed overall RQ1 baseline
TG,sender,reputation,1,24.856851851851854,20.789199074074073,29.11320833333334,6,4000,two-stage model/run percentile bootstrap; fixed overall RQ1 baseline
TG,sender,reputation,2,35.08833333333333,28.840222222222224,41.714856481481476,6,4000,two-stage model/run percentile bootstrap; fixed overall RQ1 baseline
TG,sender,reputation,3,40.31981481481482,29.61290277777778,50.09407407407408,6,4000,two-stage model/run percentile bootstrap; fixed overall RQ1 baseline
TG,sender,reputation,4,46.29203703703703,38.92768981481482,53.15368055555555,6,4000,two-stage model/run percentile bootstrap; fixed overall RQ1 baseline
TG,sender,reputation,5,60.04203703703704,50.936694444444456,67.89206481481482,6,4000,two-stage model/run percentile bootstrap; fixed overall RQ1 baseline
TG,sender,reputation,6,58.14388888888889,47.18611111111111,66.92278703703704,6,4000,two-stage model/run percentile bootstrap; fixed overall RQ1 baseline
TG,sender,reputation,7,62.819814814814826,53.3856388888889,69.33186574074074,6,4000,two-stage model/run percentile bootstrap; fixed overall RQ1 baseline
TG,sender,reputation,8,65.96796296296297,56.704944444444436,74.42114814814816,6,4000,two-stage model/run percentile bootstrap; fixed overall RQ1 baseline
TG,sender,reputation,9,66.8938888888889,57.413754629629636,74.21709259259259,6,4000,two-stage model/run percentile bootstrap; fixed overall RQ1 baseline
TG,sender,reputation,10,69.99574074074074,62.69144444444444,77.43636574074074,6,4000,two-stage model/run percentile bootstrap; fixed overall RQ1 baseline
TG,sender,reputation,11,71.75500000000001,64.81925462962963,78.30803240740742,6,4000,two-stage model/run percentile bootstrap; fixed overall RQ1 baseline
TG,sender,reputation,12,72.63462962962963,64.03035185185185,80.9685324074074,6,4000,two-stage model/run percentile bootstrap; fixed overall RQ1 baseline
TG,sender,reputation,13,75.69018518518519,69.14895370370371,82.2535462962963,6,4000,two-stage model/run percentile bootstrap; fixed overall RQ1 baseline
TG,sender,reputation,14,76.6624074074074,70.81208796296296,82.78777777777778,6,4000,two-stage model/run percentile bootstrap; fixed overall RQ1 baseline
TG,sender,reputation,15,76.6161111111111,69.15897222222222,84.34119444444445,6,4000,two-stage model/run percentile bootstrap; fixed overall RQ1 baseline
TG,sender,reputation,16,75.505,68.57320833333334,82.38407407407408,6,4000,two-stage model/run percentile bootstrap; fixed overall RQ1 baseline
TG,sender,reputation,17,76.47722222222222,70.6156388888889,82.54202314814815,6,4000,two-stage model/run percentile bootstrap; fixed overall RQ1 baseline
TG,sender,reputation,18,80.18092592592593,73.74681944444444,87.25778703703706,6,4000,two-stage model/run percentile bootstrap; fixed overall RQ1 baseline
TG,sender,reputation,19,76.8938888888889,71.27925925925923,82.77422685185185,6,4000,two-stage model/run percentile bootstrap; fixed overall RQ1 baseline
TG,sender,reputation,20,78.69944444444445,72.24696759259258,85.76031944444445,6,4000,two-stage model/run percentile bootstrap; fixed overall RQ1 baseline
TG,sender,reputation,21,77.68092592592592,71.10484259259259,84.87074074074074,6,4000,two-stage model/run percentile bootstrap; fixed overall RQ1 baseline
TG,sender,reputation,22,78.14388888888888,71.56237037037036,84.99085185185186,6,4000,two-stage model/run percentile bootstrap; fixed overall RQ1 baseline
TG,sender,reputation,23,79.67166666666667,73.2758101851852,86.71918055555554,6,4000,two-stage model/run percentile bootstrap; fixed overall RQ1 baseline
TG,sender,reputation,24,78.65314814814815,72.59768055555556,85.16762500000002,6,4000,two-stage model/run percentile bootstrap; fixed overall RQ1 baseline
TG,sender,reputation,25,78.23648148148148,71.06198611111111,85.60436574074075,6,4000,two-stage model/run percentile bootstrap; fixed overall RQ1 baseline
TG,sender,reputation,26,79.81055555555557,73.0900787037037,86.99290277777777,6,4000,two-stage model/run percentile bootstrap; fixed overall RQ1 baseline
TG,sender,reputation,27,78.83833333333332,72.75470833333333,85.47314814814814,6,4000,two-stage model/run percentile bootstrap; fixed overall RQ1 baseline
TG,sender,reputation,28,80.13462962962963,73.39796296296296,87.74676851851852,6,4000,two-stage model/run percentile bootstrap; fixed overall RQ1 baseline
TG,sender,reputation,29,79.11611111111111,72.82202314814815,85.87333333333332,6,4000,two-stage model/run percentile bootstrap; fixed overall RQ1 baseline
TG,sender,reputation,30,79.53277777777778,73.14195370370369,86.53945833333334,6,4000,two-stage model/run percentile bootstrap; fixed overall RQ1 baseline
TG,sender,reward,1,35.505,24.28209722222222,50.813944444444445,6,4000,two-stage model/run percentile bootstrap; fixed overall RQ1 baseline
TG,sender,reward,2,33.004999999999995,20.631027777777778,48.401111111111106,6,4000,two-stage model/run percentile bootstrap; fixed overall RQ1 baseline
TG,sender,reward,3,36.33833333333333,22.930999999999997,51.12519444444446,6,4000,two-stage model/run percentile bootstrap; fixed overall RQ1 baseline
TG,sender,reward,4,28.282777777777778,13.528416666666669,47.36681944444446,6,4000,two-stage model/run percentile bootstrap; fixed overall RQ1 baseline
TG,sender,reward,5,33.83833333333334,20.792736111111108,50.324999999999996,6,4000,two-stage model/run percentile bootstrap; fixed overall RQ1 baseline
TG,sender,reward,6,33.63,20.948277777777776,50.14406944444444,6,4000,two-stage model/run percentile bootstrap; fixed overall RQ1 baseline
TG,sender,reward,7,32.449444444444445,18.3595,49.86534722222221,6,4000,two-stage model/run percentile bootstrap; fixed overall RQ1 baseline
TG,sender,reward,8,32.31055555555556,19.856055555555553,49.32325,6,4000,two-stage model/run percentile bootstrap; fixed overall RQ1 baseline
TG,sender,reward,9,30.782777777777778,17.187055555555556,48.685319444444445,6,4000,two-stage model/run percentile bootstrap; fixed overall RQ1 baseline
TG,sender,reward,10,33.56055555555555,20.284236111111113,50.20713888888888,6,4000,two-stage model/run percentile bootstrap; fixed overall RQ1 baseline
TG,sender,reward,11,30.852222222222224,16.524152777777775,49.08979166666667,6,4000,two-stage model/run percentile bootstrap; fixed overall RQ1 baseline
TG,sender,reward,12,33.49111111111111,21.039430555555555,50.23779166666666,6,4000,two-stage model/run percentile bootstrap; fixed overall RQ1 baseline
TG,sender,reward,13,32.58833333333333,17.20586111111111,50.11981944444444,6,4000,two-stage model/run percentile bootstrap; fixed overall RQ1 baseline
TG,sender,reward,14,33.83833333333333,18.586111111111112,51.098749999999995,6,4000,two-stage model/run percentile bootstrap; fixed overall RQ1 baseline
TG,sender,reward,15,32.17166666666667,17.26801388888889,49.80940277777777,6,4000,two-stage model/run percentile bootstrap; fixed overall RQ1 baseline
TG,sender,reward,16,33.42166666666667,18.61702777777778,50.568236111111105,6,4000,two-stage model/run percentile bootstrap; fixed overall RQ1 baseline
TG,sender,reward,17,35.782777777777774,20.16633333333333,52.430708333333335,6,4000,two-stage model/run percentile bootstrap; fixed overall RQ1 baseline
TG,sender,reward,18,35.64388888888889,19.456541666666666,52.601166666666664,6,4000,two-stage model/run percentile bootstrap; fixed overall RQ1 baseline
TG,sender,reward,19,35.01888888888889,21.220930555555555,50.465416666666684,6,4000,two-stage model/run percentile bootstrap; fixed overall RQ1 baseline
TG,sender,reward,20,30.227222222222228,13.068444444444445,48.415736111111116,6,4000,two-stage model/run percentile bootstrap; fixed overall RQ1 baseline
TG,sender,reward,21,33.699444444444445,19.074430555555555,51.06477777777777,6,4000,two-stage model/run percentile bootstrap; fixed overall RQ1 baseline
TG,sender,reward,22,32.79666666666667,17.72776388888889,48.880513888888885,6,4000,two-stage model/run percentile bootstrap; fixed overall RQ1 baseline
TG,sender,reward,23,31.199444444444442,17.122083333333332,49.12193055555556,6,4000,two-stage model/run percentile bootstrap; fixed overall RQ1 baseline
TG,sender,reward,24,33.282777777777774,18.655277777777773,50.54666666666666,6,4000,two-stage model/run percentile bootstrap; fixed overall RQ1 baseline
TG,sender,reward,25,33.21333333333333,19.447041666666667,49.087041666666664,6,4000,two-stage model/run percentile bootstrap; fixed overall RQ1 baseline
TG,sender,reward,26,35.71333333333333,20.51911111111111,52.00519444444444,6,4000,two-stage model/run percentile bootstrap; fixed overall RQ1 baseline
TG,sender,reward,27,37.17166666666667,20.847666666666665,53.89311111111112,6,4000,two-stage model/run percentile bootstrap; fixed overall RQ1 baseline
TG,sender,reward,28,35.99111111111111,20.235805555555554,52.50579166666667,6,4000,two-stage model/run percentile bootstrap; fixed overall RQ1 baseline
TG,sender,reward,29,34.67166666666667,19.206750000000003,50.84644444444445,6,4000,two-stage model/run percentile bootstrap; fixed overall RQ1 baseline
TG,sender,reward,30,38.49111111111111,20.170694444444447,55.54722222222222,6,4000,two-stage model/run percentile bootstrap; fixed overall RQ1 baseline
TG,sender,punishment,1,65.04203703703702,51.127337962962955,76.88420833333333,6,4000,two-stage model/run percentile bootstrap; fixed overall RQ1 baseline
TG,sender,punishment,2,65.22722222222222,48.56115277777778,78.1661111111111,6,4000,two-stage model/run percentile bootstrap; fixed overall RQ1 baseline
TG,sender,punishment,3,68.37537037037036,51.30996759259259,81.78539814814815,6,4000,two-stage model/run percentile bootstrap; fixed overall RQ1 baseline
TG,sender,punishment,4,67.86611111111111,52.37914351851851,80.02937037037039,6,4000,two-stage model/run percentile bootstrap; fixed overall RQ1 baseline
TG,sender,punishment,5,68.42166666666667,52.65208333333334,80.48254629629629,6,4000,two-stage model/run percentile bootstrap; fixed overall RQ1 baseline
TG,sender,punishment,6,64.62537037037036,48.86918518518518,77.66168518518519,6,4000,two-stage model/run percentile bootstrap; fixed overall RQ1 baseline
TG,sender,punishment,7,66.10685185185186,50.47852314814814,79.27484259259259,6,4000,two-stage model/run percentile bootstrap; fixed overall RQ1 baseline
TG,sender,punishment,8,66.15314814814815,51.026037037037035,78.81073611111111,6,4000,two-stage model/run percentile bootstrap; fixed overall RQ1 baseline
TG,sender,punishment,9,69.62537037037036,57.47936111111112,79.41774537037038,6,4000,two-stage model/run percentile bootstrap; fixed overall RQ1 baseline
TG,sender,punishment,10,66.38462962962963,53.51687037037037,78.11774074074074,6,4000,two-stage model/run percentile bootstrap; fixed overall RQ1 baseline
TG,sender,punishment,11,66.24574074074074,52.23706481481481,76.85606018518519,6,4000,two-stage model/run percentile bootstrap; fixed overall RQ1 baseline
TG,sender,punishment,12,66.29203703703702,53.36161574074074,77.56456018518519,6,4000,two-stage model/run percentile bootstrap; fixed overall RQ1 baseline
TG,sender,punishment,13,66.56981481481482,52.21041666666666,77.18335185185185,6,4000,two-stage model/run percentile bootstrap; fixed overall RQ1 baseline
TG,sender,punishment,14,66.19944444444445,53.25300462962963,77.28287037037038,6,4000,two-stage model/run percentile bootstrap; fixed overall RQ1 baseline
TG,sender,punishment,15,67.68092592592592,52.007550925925926,79.68217592592592,6,4000,two-stage model/run percentile bootstrap; fixed overall RQ1 baseline
TG,sender,punishment,16,68.46796296296297,56.170203703703706,77.71316203703705,6,4000,two-stage model/run percentile bootstrap; fixed overall RQ1 baseline
TG,sender,punishment,17,69.76425925925925,55.97489814814815,80.46142592592592,6,4000,two-stage model/run percentile bootstrap; fixed overall RQ1 baseline
TG,sender,punishment,18,66.8938888888889,51.194981481481484,79.28215740740741,6,4000,two-stage model/run percentile bootstrap; fixed overall RQ1 baseline
TG,sender,punishment,19,64.2087037037037,48.29930092592592,75.439375,6,4000,two-stage model/run percentile bootstrap; fixed overall RQ1 baseline
TG,sender,punishment,20,70.59759259259259,60.492032407407414,80.04037037037037,6,4000,two-stage model/run percentile bootstrap; fixed overall RQ1 baseline
TG,sender,punishment,21,67.72722222222222,53.596472222222225,79.52229629629629,6,4000,two-stage model/run percentile bootstrap; fixed overall RQ1 baseline
TG,sender,punishment,22,68.37537037037036,51.77588425925926,80.93329629629629,6,4000,two-stage model/run percentile bootstrap; fixed overall RQ1 baseline
TG,sender,punishment,23,66.38462962962963,52.91809722222222,76.64599074074076,6,4000,two-stage model/run percentile bootstrap; fixed overall RQ1 baseline
TG,sender,punishment,24,63.60685185185184,47.707435185185176,73.4439027777778,6,4000,two-stage model/run percentile bootstrap; fixed overall RQ1 baseline
TG,sender,punishment,25,66.89388888888888,53.014273148148156,78.48648148148146,6,4000,two-stage model/run percentile bootstrap; fixed overall RQ1 baseline
TG,sender,punishment,26,69.81055555555555,54.25100462962963,81.56816203703703,6,4000,two-stage model/run percentile bootstrap; fixed overall RQ1 baseline
TG,sender,punishment,27,67.26425925925925,52.16381481481481,78.30679166666664,6,4000,two-stage model/run percentile bootstrap; fixed overall RQ1 baseline
TG,sender,punishment,28,67.26425925925925,50.24655092592593,80.95153240740741,6,4000,two-stage model/run percentile bootstrap; fixed overall RQ1 baseline
TG,sender,punishment,29,66.47722222222221,52.39543518518518,75.96486574074073,6,4000,two-stage model/run percentile bootstrap; fixed overall RQ1 baseline
TG,sender,punishment,30,67.12537037037036,50.062675925925916,80.07493055555555,6,4000,two-stage model/run percentile bootstrap; fixed overall RQ1 baseline
TG,receiver,reputation,1,31.06455721233499,23.028964880284327,39.93322390572391,6,4000,two-stage model/run percentile bootstrap; fixed overall RQ1 baseline
TG,receiver,reputation,2,30.15368259312704,21.805690175565175,39.348786415744755,6,4000,two-stage model/run percentile bootstrap; fixed overall RQ1 baseline
TG,receiver,reputation,3,30.459732510288063,21.987153635116595,39.448984910836764,6,4000,two-stage model/run percentile bootstrap; fixed overall RQ1 baseline
TG,receiver,reputation,4,29.764339426006092,21.25723037918871,38.569828563411896,6,4000,two-stage model/run percentile bootstrap; fixed overall RQ1 baseline
TG,receiver,reputation,5,29.68787927778668,21.549778759820423,38.20900895306683,6,4000,two-stage model/run percentile bootstrap; fixed overall RQ1 baseline
TG,receiver,reputation,6,29.719241177204143,21.28073236999626,38.416672995385966,6,4000,two-stage model/run percentile bootstrap; fixed overall RQ1 baseline
TG,receiver,reputation,7,30.157163166052058,21.00317414889637,39.4217229170007,6,4000,two-stage model/run percentile bootstrap; fixed overall RQ1 baseline
TG,receiver,reputation,8,30.854680669125113,21.829263000374112,40.348766761530655,6,4000,two-stage model/run percentile bootstrap; fixed overall RQ1 baseline
TG,receiver,reputation,9,30.489837986822113,21.80142243199188,39.33026711560045,6,4000,two-stage model/run percentile bootstrap; fixed overall RQ1 baseline
TG,receiver,reputation,10,30.97864963568667,21.44648462134573,40.66926185577111,6,4000,two-stage model/run percentile bootstrap; fixed overall RQ1 baseline
TG,receiver,reputation,11,30.554342632675965,21.57679453262786,39.771053671637,6,4000,two-stage model/run percentile bootstrap; fixed overall RQ1 baseline
TG,receiver,reputation,12,30.45549480697629,21.765727513227514,39.17441517244758,6,4000,two-stage model/run percentile bootstrap; fixed overall RQ1 baseline
TG,receiver,reputation,13,30.15636149858372,21.703806216931216,38.85047752658864,6,4000,two-stage model/run percentile bootstrap; fixed overall RQ1 baseline
TG,receiver,reputation,14,30.738441113070746,21.903697824808937,39.5957814765824,6,4000,two-stage model/run percentile bootstrap; fixed overall RQ1 baseline
TG,receiver,reputation,15,30.513170327614773,21.901346266901825,39.22496127946128,6,4000,two-stage model/run percentile bootstrap; fixed overall RQ1 baseline
TG,receiver,reputation,16,30.680582990397806,22.008427328843997,39.24855119092156,6,4000,two-stage model/run percentile bootstrap; fixed overall RQ1 baseline
TG,receiver,reputation,17,29.918800705467373,21.407117063492066,38.87947685185186,6,4000,two-stage model/run percentile bootstrap; fixed overall RQ1 baseline
TG,receiver,reputation,18,30.27043209876543,21.907239197530867,38.64812808641975,6,4000,two-stage model/run percentile bootstrap; fixed overall RQ1 baseline
TG,receiver,reputation,19,30.59935626102293,21.85220238095238,39.46811794532628,6,4000,two-stage model/run percentile bootstrap; fixed overall RQ1 baseline
TG,receiver,reputation,20,30.723374218374218,21.713478835978837,40.00074074074073,6,4000,two-stage model/run percentile bootstrap; fixed overall RQ1 baseline
TG,receiver,reputation,21,30.810666898259488,21.522273849607185,40.26611878039656,6,4000,two-stage model/run percentile bootstrap; fixed overall RQ1 baseline
TG,receiver,reputation,22,30.286772753994978,21.83190182245738,38.8463501082251,6,4000,two-stage model/run percentile bootstrap; fixed overall RQ1 baseline
TG,receiver,reputation,23,30.4570202020202,21.256994809203142,39.814667508417514,6,4000,two-stage model/run percentile bootstrap; fixed overall RQ1 baseline
TG,receiver,reputation,24,30.817369729036397,21.69924029982363,39.99316287878787,6,4000,two-stage model/run percentile bootstrap; fixed overall RQ1 baseline
TG,receiver,reputation,25,30.603524931858264,21.964764109347442,39.49355172759339,6,4000,two-stage model/run percentile bootstrap; fixed overall RQ1 baseline
TG,receiver,reputation,26,30.795123456790122,21.61402469135803,40.41761419753086,6,4000,two-stage model/run percentile bootstrap; fixed overall RQ1 baseline
TG,receiver,reputation,27,30.050641601197157,21.737839506172843,38.314681490834275,6,4000,two-stage model/run percentile bootstrap; fixed overall RQ1 baseline
TG,receiver,reputation,28,29.900061728395062,21.593867283950615,38.5116712962963,6,4000,two-stage model/run percentile bootstrap; fixed overall RQ1 baseline
TG,receiver,reputation,29,30.297524005486967,21.808361968449926,39.10093518518517,6,4000,two-stage model/run percentile bootstrap; fixed overall RQ1 baseline
TG,receiver,reputation,30,30.288950617283945,21.84586419753086,38.991580246913585,6,4000,two-stage model/run percentile bootstrap; fixed overall RQ1 baseline
TG,receiver,reward,1,29.177545561434446,21.131095899470896,38.60755283656673,6,4000,two-stage model/run percentile bootstrap; fixed overall RQ1 baseline
TG,receiver,reward,2,27.5856248425296,21.507167328042325,34.89217396279499,6,4000,two-stage model/run percentile bootstrap; fixed overall RQ1 baseline
TG,receiver,reward,3,28.085750818846055,20.63267088687327,36.09835553665911,6,4000,two-stage model/run percentile bootstrap; fixed overall RQ1 baseline
TG,receiver,reward,4,30.180044091710755,22.44824492945326,39.028623236331576,6,4000,two-stage model/run percentile bootstrap; fixed overall RQ1 baseline
TG,receiver,reward,5,28.20517636684303,21.53041622574956,35.779529100529096,6,4000,two-stage model/run percentile bootstrap; fixed overall RQ1 baseline
TG,receiver,reward,6,28.877564457881917,21.80497984378937,36.65646904132023,6,4000,two-stage model/run percentile bootstrap; fixed overall RQ1 baseline
TG,receiver,reward,7,27.59957671957672,20.91844135802469,35.88160559964727,6,4000,two-stage model/run percentile bootstrap; fixed overall RQ1 baseline
TG,receiver,reward,8,28.581940035273366,21.420892857142853,37.06028020282187,6,4000,two-stage model/run percentile bootstrap; fixed overall RQ1 baseline
TG,receiver,reward,9,28.536231628453848,21.334807098765427,36.17364087301587,6,4000,two-stage model/run percentile bootstrap; fixed overall RQ1 baseline
TG,receiver,reward,10,28.740449735449733,21.26825242504409,37.533873236331566,6,4000,two-stage model/run percentile bootstrap; fixed overall RQ1 baseline
TG,receiver,reward,11,27.10626396237507,20.9915291005291,34.35262220752499,6,4000,two-stage model/run percentile bootstrap; fixed overall RQ1 baseline
TG,receiver,reward,12,30.74984546905181,22.105707157554374,39.707984095490055,6,4000,two-stage model/run percentile bootstrap; fixed overall RQ1 baseline
TG,receiver,reward,13,28.76143791467204,22.31590228174603,35.73931783824641,6,4000,two-stage model/run percentile bootstrap; fixed overall RQ1 baseline
TG,receiver,reward,14,27.71377425044091,20.870735229276892,36.33195634920635,6,4000,two-stage model/run percentile bootstrap; fixed overall RQ1 baseline
TG,receiver,reward,15,29.32708994708994,21.852780864197527,38.12617328042328,6,4000,two-stage model/run percentile bootstrap; fixed overall RQ1 baseline
TG,receiver,reward,16,29.830974216847235,21.948544753086413,38.52410024565381,6,4000,two-stage model/run percentile bootstrap; fixed overall RQ1 baseline
TG,receiver,reward,17,27.922768959435626,20.05203571428572,38.341800705467364,6,4000,two-stage model/run percentile bootstrap; fixed overall RQ1 baseline
TG,receiver,reward,18,29.171593180482066,21.449251543209872,37.727125440917106,6,4000,two-stage model/run percentile bootstrap; fixed overall RQ1 baseline
TG,receiver,reward,19,29.031570504745105,20.837751165280928,38.32587297388091,6,4000,two-stage model/run percentile bootstrap; fixed overall RQ1 baseline
TG,receiver,reward,20,,,,6,4000,two-stage model/run percentile bootstrap; fixed overall RQ1 baseline
TG,receiver,reward,21,27.973033509700173,20.71048302469135,35.64736772486771,6,4000,two-stage model/run percentile bootstrap; fixed overall RQ1 baseline
TG,receiver,reward,22,29.121622574955907,21.008926366843028,39.14564594356261,6,4000,two-stage model/run percentile bootstrap; fixed overall RQ1 baseline
TG,receiver,reward,23,26.689229864785418,19.576209509112278,35.34783465608466,6,4000,two-stage model/run percentile bootstrap; fixed overall RQ1 baseline
TG,receiver,reward,24,28.83965608465608,21.034314814814817,37.64717394179894,6,4000,two-stage model/run percentile bootstrap; fixed overall RQ1 baseline
TG,receiver,reward,25,29.23207231040564,21.0156860670194,38.11799801587302,6,4000,two-stage model/run percentile bootstrap; fixed overall RQ1 baseline
TG,receiver,reward,26,29.84134626690182,21.10138345091123,40.69554159318048,6,4000,two-stage model/run percentile bootstrap; fixed overall RQ1 baseline
TG,receiver,reward,27,29.76352439741329,21.58983458259847,39.24943761022928,6,4000,two-stage model/run percentile bootstrap; fixed overall RQ1 baseline
TG,receiver,reward,28,28.018962375073485,20.96977983539095,36.400108024691356,6,4000,two-stage model/run percentile bootstrap; fixed overall RQ1 baseline
TG,receiver,reward,29,29.93690980095742,21.653873393801966,39.60281443688587,6,4000,two-stage model/run percentile bootstrap; fixed overall RQ1 baseline
TG,receiver,reward,30,29.379393738977072,20.860982253086416,39.52510383597883,6,4000,two-stage model/run percentile bootstrap; fixed overall RQ1 baseline
TG,receiver,punishment,1,39.37877745711079,25.300569517930622,54.14319985235958,6,4000,two-stage model/run percentile bootstrap; fixed overall RQ1 baseline
TG,receiver,punishment,2,40.14193148415371,26.0432982069371,53.657553932178935,6,4000,two-stage model/run percentile bootstrap; fixed overall RQ1 baseline
TG,receiver,punishment,3,38.06519520602854,24.14716264830848,50.674956008497674,6,4000,two-stage model/run percentile bootstrap; fixed overall RQ1 baseline
TG,receiver,punishment,4,35.4969532627866,21.6869246031746,48.6552819664903,6,4000,two-stage model/run percentile bootstrap; fixed overall RQ1 baseline
TG,receiver,punishment,5,34.9408164983165,21.138930849500294,48.95470999345305,6,4000,two-stage model/run percentile bootstrap; fixed overall RQ1 baseline
TG,receiver,punishment,6,38.038038720538715,24.110377515231676,52.369118175805674,6,4000,two-stage model/run percentile bootstrap; fixed overall RQ1 baseline
TG,receiver,punishment,7,38.4736481214259,23.29766131553631,52.48741845037679,6,4000,two-stage model/run percentile bootstrap; fixed overall RQ1 baseline
TG,receiver,punishment,8,35.08254128587462,19.149173414034525,50.84868598017211,6,4000,two-stage model/run percentile bootstrap; fixed overall RQ1 baseline
TG,receiver,punishment,9,37.19330166746833,23.715771017048795,51.51887213403879,6,4000,two-stage model/run percentile bootstrap; fixed overall RQ1 baseline
TG,receiver,punishment,10,35.539381513548186,22.122467462321627,45.943569023569026,6,4000,two-stage model/run percentile bootstrap; fixed overall RQ1 baseline
TG,receiver,punishment,11,35.63498369942814,20.7318214686548,50.176928143872594,6,4000,two-stage model/run percentile bootstrap; fixed overall RQ1 baseline
TG,receiver,punishment,12,37.464031452087006,24.912575817700816,51.21106069958848,6,4000,two-stage model/run percentile bootstrap; fixed overall RQ1 baseline
TG,receiver,punishment,13,37.874865987921545,25.76298777457111,50.887345952915396,6,4000,two-stage model/run percentile bootstrap; fixed overall RQ1 baseline
TG,receiver,punishment,14,36.70171583560472,22.532373022553582,51.065189043209884,6,4000,two-stage model/run percentile bootstrap; fixed overall RQ1 baseline
TG,receiver,punishment,15,39.18071548821549,25.70687100836406,53.55227425044092,6,4000,two-stage model/run percentile bootstrap; fixed overall RQ1 baseline
TG,receiver,punishment,16,37.98384265939821,25.675555779354383,50.94789533229116,6,4000,two-stage model/run percentile bootstrap; fixed overall RQ1 baseline
TG,receiver,punishment,17,40.2334774553293,25.306794666239117,55.72052323944917,6,4000,two-stage model/run percentile bootstrap; fixed overall RQ1 baseline
TG,receiver,punishment,18,38.79928544706323,24.00621564854898,53.30481110710277,6,4000,two-stage model/run percentile bootstrap; fixed overall RQ1 baseline
TG,receiver,punishment,19,38.27047886270108,24.682249338624334,52.02791318609375,6,4000,two-stage model/run percentile bootstrap; fixed overall RQ1 baseline
TG,receiver,punishment,20,37.39546884185773,23.379871536128476,54.90118422318424,6,4000,two-stage model/run percentile bootstrap; fixed overall RQ1 baseline
TG,receiver,punishment,21,37.01154361071028,23.540891694725037,53.63643850208435,6,4000,two-stage model/run percentile bootstrap; fixed overall RQ1 baseline
TG,receiver,punishment,22,36.37546389824168,22.009452962161294,50.0284439768051,6,4000,two-stage model/run percentile bootstrap; fixed overall RQ1 baseline
TG,receiver,punishment,23,38.634706456095344,24.65928408088824,54.384161088397214,6,4000,two-stage model/run percentile bootstrap; fixed overall RQ1 baseline
TG,receiver,punishment,24,36.074424402757735,22.98205695847362,49.30198773448773,6,4000,two-stage model/run percentile bootstrap; fixed overall RQ1 baseline
TG,receiver,punishment,25,39.164030784030786,23.313540744749083,56.90922162097163,6,4000,two-stage model/run percentile bootstrap; fixed overall RQ1 baseline
TG,receiver,punishment,26,38.570740072684515,24.787972315750093,54.55097707231042,6,4000,two-stage model/run percentile bootstrap; fixed overall RQ1 baseline
TG,receiver,punishment,27,36.38899426362389,25.424268905991124,49.05786945067964,6,4000,two-stage model/run percentile bootstrap; fixed overall RQ1 baseline
TG,receiver,punishment,28,38.50708878912583,24.049382484456565,54.44425765592433,6,4000,two-stage model/run percentile bootstrap; fixed overall RQ1 baseline
TG,receiver,punishment,29,38.384345705734596,25.39808593207204,52.70779049088772,6,4000,two-stage model/run percentile bootstrap; fixed overall RQ1 baseline
TG,receiver,punishment,30,37.63473874547949,23.294402223291115,52.555653646250875,6,4000,two-stage model/run percentile bootstrap; fixed overall RQ1 baseline
