model,game,outcome,round,mean_pct,sd_pct,ci95_lower_pct,ci95_upper_pct,n_runs,n_runs_total,n_observations,value_origin,n_estimated_runs
Llama 3 8B,PD,cooperation,1,12.5,4.166666666666666,2.149426201168561,22.85057379883144,3,3,72,observed,0
Llama 3 8B,PD,cooperation,2,4.166666666666667,7.216878364870322,-13.76105304040059,22.094386373733926,3,3,72,observed,0
Llama 3 8B,PD,cooperation,3,1.3888888888888886,2.4056261216234405,-4.58701768013353,7.364795457911307,3,3,72,observed,0
Llama 3 8B,PD,cooperation,4,0.0,0.0,0.0,0.0,3,3,72,observed,0
Llama 3 8B,PD,cooperation,5,2.7777777777777772,4.811252243246881,-9.17403536026706,14.729590915822614,3,3,72,observed,0
Llama 3 8B,PD,cooperation,6,0.0,0.0,0.0,0.0,3,3,72,observed,0
Llama 3 8B,PD,cooperation,7,1.3888888888888886,2.4056261216234405,-4.58701768013353,7.364795457911307,3,3,72,observed,0
Llama 3 8B,PD,cooperation,8,0.0,0.0,0.0,0.0,3,3,72,observed,0
Llama 3 8B,PD,cooperation,9,0.0,0.0,0.0,0.0,3,3,72,observed,0
Llama 3 8B,PD,cooperation,10,0.0,0.0,0.0,0.0,3,3,72,observed,0
Llama 3 8B,PGG,contribution,1,44.444444444444436,2.1684020827772232,39.05783505644633,49.83105383244254,3,3,72,observed,0
Llama 3 8B,PGG,contribution,2,51.736111111111114,2.396588045380193,45.78265636812594,57.68956585409629,3,3,72,observed,0
Llama 3 8B,PGG,contribution,3,58.611111111111114,4.646035745466036,47.0697185058019,70.15250371642033,3,3,72,observed,0
Llama 3 8B,PGG,contribution,4,67.63888888888889,4.281406289388424,57.003286066225854,78.27449171155192,3,3,72,observed,0
Llama 3 8B,PGG,contribution,5,62.84722222222222,5.401956521415109,49.42801831030562,76.26642613413883,3,3,72,observed,0
Llama 3 8B,PGG,contribution,6,63.125,1.1023963796102438,60.3864955801471,65.8635044198529,3,3,72,observed,0
Llama 3 8B,PGG,contribution,7,61.875,4.7094393981072145,50.17610399010407,73.57389600989593,3,3,72,observed,0
Llama 3 8B,PGG,contribution,8,58.263888888888886,5.714311549214081,44.06875207297165,72.45902570480612,3,3,72,observed,0
Llama 3 8B,PGG,contribution,9,61.805555555555564,6.595760071889057,45.42077922352193,78.1903318875892,3,3,72,observed,0
Llama 3 8B,PGG,contribution,10,61.805555555555564,5.292377467571572,48.65856110370623,74.9525500074049,3,3,72,observed,0
Llama 3 8B,PGG,contribution,11,60.34722222222223,5.9524057539165875,45.56062661346162,75.13381783098284,3,3,72,observed,0
Llama 3 8B,PGG,contribution,12,57.638888888888886,3.7577081273524082,48.30422442009773,66.97355335768003,3,3,72,observed,0
Llama 3 8B,PGG,contribution,13,56.59722222222222,7.768161217669448,37.30003999069232,75.89440445375212,3,3,72,observed,0
Llama 3 8B,PGG,contribution,14,63.26388888888889,1.1846334798077809,60.32109618713283,66.20668159064496,3,3,72,observed,0
Llama 3 8B,PGG,contribution,15,54.44444444444445,6.388511462281624,38.57450219923809,70.31438668965082,3,3,72,observed,0
Llama 3 8B,PGG,contribution,16,54.44444444444445,6.309898162000306,38.76978846310964,70.11910042577927,3,3,72,observed,0
Llama 3 8B,PGG,contribution,17,59.791666666666664,5.8072332769859845,45.3656994825531,74.21763385078023,3,3,72,observed,0
Llama 3 8B,PGG,contribution,18,56.80555555555555,3.134245582332433,49.01965790669317,64.59145320441793,3,3,72,observed,0
Llama 3 8B,PGG,contribution,19,59.09722222222222,7.053655146512759,41.57497146730522,76.61947297713922,3,3,72,observed,0
Llama 3 8B,PGG,contribution,20,61.52777777777779,4.66002751939101,49.951627679207704,73.10392787634788,3,3,72,observed,0
Llama 3 8B,PGG,contribution,21,62.916666666666664,2.602082499332667,56.452735401068935,69.3805979322644,3,3,72,observed,0
Llama 3 8B,PGG,contribution,22,68.68055555555556,4.88733008608692,56.5397545790855,80.8213565320256,3,3,72,observed,0
Llama 3 8B,PGG,contribution,23,65.83333333333333,7.979465834252309,46.0112413350895,85.65542533157716,3,3,72,observed,0
Llama 3 8B,PGG,contribution,24,69.79166666666667,5.940240595576352,55.03529098650808,84.54804234682527,3,3,72,observed,0
Llama 3 8B,PGG,contribution,25,62.15277777777778,3.965636537574786,52.301590503815326,72.00396505174022,3,3,72,observed,0
Llama 3 8B,PGG,contribution,26,55.97222222222223,7.547112827898959,37.22415463183608,74.72028981260837,3,3,72,observed,0
Llama 3 8B,PGG,contribution,27,58.055555555555564,0.7887372702500379,56.09622355788871,60.014887553222415,3,3,72,observed,0
Llama 3 8B,PGG,contribution,28,56.80555555555555,8.074988533416928,36.746172017991654,76.86493909311945,3,3,72,observed,0
Llama 3 8B,PGG,contribution,29,64.30555555555556,3.91053006258364,54.59126035427854,74.01985075683257,3,3,72,observed,0
Llama 3 8B,PGG,contribution,30,64.79166666666667,4.978251310561889,52.42500484768263,77.15832848565071,3,3,72,observed,0
Llama 3 8B,TG,sender,1,50.27777777777778,3.367876570272814,41.9115085811464,58.64404697440916,3,3,36,observed,0
Llama 3 8B,TG,receiver,1,59.81481481481482,8.789958730596906,37.979346847680574,81.65028278194906,3,3,36,observed,0
Llama 3 8B,TG,sender,2,48.88888888888889,0.9622504486493749,46.49852626127993,51.27925151649786,3,3,36,observed,0
Llama 3 8B,TG,receiver,2,56.60493827160494,4.39920390187577,45.67670995741156,67.53316658579831,3,3,36,observed,0
Llama 3 8B,TG,sender,3,48.333333333333336,0.0,48.333333333333336,48.333333333333336,3,3,36,observed,0
Llama 3 8B,TG,receiver,3,47.59259259259259,11.564811108145182,18.86400918993603,76.32117599524915,3,3,36,observed,0
Llama 3 8B,TG,sender,4,49.166666666666664,2.204792759220497,43.68965782696083,54.643675506372496,3,3,36,observed,0
Llama 3 8B,TG,receiver,4,50.27777777777777,4.203540541783766,39.83560419519071,60.71995136036483,3,3,36,observed,0
Llama 3 8B,TG,sender,5,57.77777777777777,2.097176232019658,52.56810321169584,62.9874523438597,3,3,36,observed,0
Llama 3 8B,TG,receiver,5,46.36316872427983,4.213452842378921,35.896371621974446,56.829965826585216,3,3,36,observed,0
Llama 3 8B,TG,sender,6,51.94444444444445,2.6787918780535924,45.28995651832349,58.59893237056541,3,3,36,observed,0
Llama 3 8B,TG,receiver,6,52.083333333333336,10.054826554299039,27.105759504999998,77.06090716166668,3,3,36,observed,0
Llama 3 8B,TG,sender,7,52.22222222222222,2.0971762320196516,47.012547656140306,57.43189678830414,3,3,36,observed,0
Llama 3 8B,TG,receiver,7,49.55687830687831,3.6572758474955878,40.47170145195346,58.642055161803164,3,3,36,observed,0
Llama 3 8B,TG,sender,8,50.833333333333336,1.6666666666666679,46.693103813800754,54.97356285286592,3,3,36,observed,0
Llama 3 8B,TG,receiver,8,62.33024691358025,12.431252423163698,31.44930396529432,93.21118986186617,3,3,36,observed,0
Llama 3 8B,TG,sender,9,50.55555555555555,6.787106512705903,33.69544831388548,67.41566279722562,3,3,36,observed,0
Llama 3 8B,TG,receiver,9,55.0161669606114,9.469912419266342,31.491600393230602,78.5407335279922,3,3,36,observed,0
Llama 3 8B,TG,sender,10,54.16666666666666,2.5000000000000036,47.956322387367784,60.37701094596553,3,3,36,observed,0
Llama 3 8B,TG,receiver,10,58.456790123456784,1.5280115795662463,54.66099893471212,62.25258131220145,3,3,36,observed,0
Llama 3 8B,TG,sender,11,53.611111111111114,5.9121657371646545,38.92447724548421,68.29774497673802,3,3,36,observed,0
Llama 3 8B,TG,receiver,11,63.326719576719576,3.986339957858985,53.42410215566757,73.22933699777158,3,3,36,observed,0
Llama 3 8B,TG,sender,12,53.61111111111111,4.7385339192311005,41.83994030408691,65.3822819181353,3,3,36,observed,0
Llama 3 8B,TG,receiver,12,53.148148148148145,2.9904146422378095,45.71954636168689,60.5767499346094,3,3,36,observed,0
Llama 3 8B,TG,sender,13,54.44444444444445,2.5458753860865735,48.12013938852823,60.76874950036067,3,3,36,observed,0
Llama 3 8B,TG,receiver,13,56.34920634920635,1.1356419064487515,53.52811546238792,59.17029723602477,3,3,36,observed,0
Llama 3 8B,TG,sender,14,56.11111111111111,5.292377467571568,42.96411665926179,69.25810556296042,3,3,36,observed,0
Llama 3 8B,TG,receiver,14,54.41725455614344,5.904994743605426,39.74843442604751,69.08607468623937,3,3,36,observed,0
Llama 3 8B,TG,sender,15,60.555555555555564,6.9887475696717365,43.19454416004568,77.91656695106545,3,3,36,observed,0
Llama 3 8B,TG,receiver,15,55.745884773662546,0.909621539331233,53.48625960441745,58.00550994290764,3,3,36,observed,0
Llama 3 8B,TG,sender,16,53.888888888888886,1.2729376930432856,50.72673636093078,57.05104141684699,3,3,36,observed,0
Llama 3 8B,TG,receiver,16,56.05820105820106,6.847748945227483,39.04744966297372,73.0689524534284,3,3,36,observed,0
Llama 3 8B,TG,sender,17,55.0,2.4999999999999964,48.78965572070115,61.21034427929885,3,3,36,observed,0
Llama 3 8B,TG,receiver,17,58.575837742504405,5.8849440235991315,43.95682636212324,73.19484912288557,3,3,36,observed,0
Llama 3 8B,TG,sender,18,56.944444444444436,0.9622504486493831,54.55408181683545,59.33480707205342,3,3,36,observed,0
Llama 3 8B,TG,receiver,18,64.94341563786007,9.27049643908016,41.91422582717928,87.97260544854086,3,3,36,observed,0
Llama 3 8B,TG,sender,19,55.55555555555555,4.194352464039303,45.13620642339171,65.97490468771939,3,3,36,observed,0
Llama 3 8B,TG,receiver,19,57.276234567901234,6.030096295110352,42.296644955917294,72.25582417988517,3,3,36,observed,0
Llama 3 8B,TG,sender,20,56.944444444444436,5.357583756107203,43.63546859220248,70.25342029668639,3,3,36,observed,0
Llama 3 8B,TG,receiver,20,59.999632569077,11.877726888619595,30.4937232755518,89.5055418626022,3,3,36,observed,0
Llama 3 8B,TG,sender,21,59.72222222222223,3.938179688543838,49.93924154238255,69.50520290206191,3,3,36,observed,0
Llama 3 8B,TG,receiver,21,63.32047325102882,4.575508850268614,51.95427916577002,74.68666733628763,3,3,36,observed,0
Llama 3 8B,TG,sender,22,53.333333333333336,3.0046260628866523,45.86942842090118,60.79723824576549,3,3,36,observed,0
Llama 3 8B,TG,receiver,22,58.677248677248684,6.259105653855496,43.128768280869224,74.22572907362814,3,3,36,observed,0
Llama 3 8B,TG,sender,23,56.666666666666664,4.330127018922197,45.9100348424263,67.42329849090703,3,3,36,observed,0
Llama 3 8B,TG,receiver,23,63.63095238095237,1.9104371471530983,58.88516341783946,68.3767413440653,3,3,36,observed,0
Llama 3 8B,TG,sender,24,60.555555555555564,6.142595663193341,45.29650202077205,75.81460909033908,3,3,36,observed,0
Llama 3 8B,TG,receiver,24,63.406452087007644,2.786209404025136,56.485124233721166,70.32777994029412,3,3,36,observed,0
Llama 3 8B,TG,sender,25,54.72222222222223,4.589642122738417,43.320919141831176,66.12352530261327,3,3,36,observed,0
Llama 3 8B,TG,receiver,25,55.76499118165785,2.0581042865223163,50.65237670885611,60.877605654459586,3,3,36,observed,0
Llama 3 8B,TG,sender,26,67.77777777777777,1.7347216662217912,63.46849026737925,72.08706528817629,3,3,36,observed,0
Llama 3 8B,TG,receiver,26,59.043577307466194,13.247288336387378,26.135488773023823,91.95166584190856,3,3,36,observed,0
Llama 3 8B,TG,sender,27,58.61111111111111,5.548606765399492,44.827607797680024,72.3946144245422,3,3,36,observed,0
Llama 3 8B,TG,receiver,27,63.897339800117585,4.184493014978588,53.502482897182254,74.29219670305292,3,3,36,observed,0
Llama 3 8B,TG,sender,28,59.72222222222223,3.4694433324435585,51.103647201425254,68.34079724301921,3,3,36,observed,0
Llama 3 8B,TG,receiver,28,65.244708994709,1.6198708872752896,61.22072663551185,69.26869135390615,3,3,36,observed,0
Llama 3 8B,TG,sender,29,64.72222222222221,3.757708127352412,55.387557753431054,74.05688669101337,3,3,36,observed,0
Llama 3 8B,TG,receiver,29,71.17908583186362,8.272416071793087,50.62926510088755,91.72890656283968,3,3,36,observed,0
Llama 3 8B,TG,sender,30,62.77777777777778,7.087417123429485,45.17165762277973,80.38389793277582,3,3,36,observed,0
Llama 3 8B,TG,receiver,30,57.60839212228101,1.6757483539059368,53.44560244099132,61.7711818035707,3,3,36,observed,0
Llama 3 70B,PD,cooperation,1,1.3888888888888886,2.4056261216234405,-4.58701768013353,7.364795457911307,3,3,72,observed,0
Llama 3 70B,PD,cooperation,2,0.0,0.0,0.0,0.0,3,3,72,observed,0
Llama 3 70B,PD,cooperation,3,0.0,0.0,0.0,0.0,3,3,72,observed,0
Llama 3 70B,PD,cooperation,4,0.0,0.0,0.0,0.0,3,3,72,observed,0
Llama 3 70B,PD,cooperation,5,0.0,0.0,0.0,0.0,3,3,72,observed,0
Llama 3 70B,PD,cooperation,6,0.0,0.0,0.0,0.0,3,3,72,observed,0
Llama 3 70B,PD,cooperation,7,0.0,0.0,0.0,0.0,3,3,72,observed,0
Llama 3 70B,PD,cooperation,8,0.0,0.0,0.0,0.0,3,3,72,observed,0
Llama 3 70B,PD,cooperation,9,0.0,0.0,0.0,0.0,3,3,72,observed,0
Llama 3 70B,PD,cooperation,10,0.0,0.0,0.0,0.0,3,3,72,observed,0
Llama 3 70B,PGG,contribution,1,50.55555555555555,0.8419691425682015,48.46398825639771,52.64712285471339,3,3,72,observed,0
Llama 3 70B,PGG,contribution,2,50.0,0.0,50.0,50.0,3,3,72,observed,0
Llama 3 70B,PGG,contribution,3,50.34722222222223,1.683938285136411,46.164087623906525,54.53035682053793,3,3,72,observed,0
Llama 3 70B,PGG,contribution,4,49.166666666666664,0.3608439182435202,48.27028068131329,50.06305265202004,3,3,72,observed,0
Llama 3 70B,PGG,contribution,5,47.77777777777778,0.2405626121623468,47.18018712087553,48.37536843468003,3,3,72,observed,0
Llama 3 70B,PGG,contribution,6,49.30555555555555,0.6014065304058629,47.81157891329994,50.79953219781116,3,3,72,observed,0
Llama 3 70B,PGG,contribution,7,48.611111111111114,1.2028130608117176,45.623157826599915,51.599064395622314,3,3,72,observed,0
Llama 3 70B,PGG,contribution,8,50.0,0.0,50.0,50.0,3,3,72,observed,0
Llama 3 70B,PGG,contribution,9,50.0,0.0,50.0,50.0,3,3,72,observed,0
Llama 3 70B,PGG,contribution,10,49.305555555555564,1.2028130608117178,46.31760227104436,52.29350884006677,3,3,72,observed,0
Llama 3 70B,PGG,contribution,11,50.0,0.0,50.0,50.0,3,3,72,observed,0
Llama 3 70B,PGG,contribution,12,44.44444444444445,4.811252243246878,32.492631306399616,56.396257582489284,3,3,72,observed,0
Llama 3 70B,PGG,contribution,13,49.30555555555555,0.6014065304058629,47.81157891329994,50.79953219781116,3,3,72,observed,0
Llama 3 70B,PGG,contribution,14,50.0,0.0,50.0,50.0,3,3,72,observed,0
Llama 3 70B,PGG,contribution,15,47.916666666666664,3.608439182435161,38.95280681313304,56.88052652020029,3,3,72,observed,0
Llama 3 70B,PGG,contribution,16,49.861111111111114,0.2405626121623427,49.26352045420887,50.458701768013356,3,3,72,observed,0
Llama 3 70B,PGG,contribution,17,50.0,0.0,50.0,50.0,3,3,72,observed,0
Llama 3 70B,PGG,contribution,18,47.22222222222222,2.4056261216234436,41.246315653199794,53.19812879124465,3,3,72,observed,0
Llama 3 70B,PGG,contribution,19,49.30555555555555,0.6014065304058629,47.81157891329994,50.79953219781116,3,3,72,observed,0
Llama 3 70B,PGG,contribution,20,50.55555555555555,0.8419691425682015,48.46398825639771,52.64712285471339,3,3,72,observed,0
Llama 3 70B,PGG,contribution,21,48.055555555555564,0.2405626121623427,47.45796489865332,48.653146212457806,3,3,72,observed,0
Llama 3 70B,PGG,contribution,22,49.02777777777777,0.1202813060811775,48.72898244932664,49.326573106228906,3,3,72,observed,0
Llama 3 70B,PGG,contribution,23,50.27777777777777,0.4811252243246854,49.082596463973296,51.47295909158225,3,3,72,observed,0
Llama 3 70B,PGG,contribution,24,48.75,1.4433756729740603,45.16445605858656,52.33554394141344,3,3,72,observed,0
Llama 3 70B,PGG,contribution,25,49.65277777777777,0.6014065304058629,48.15880113552216,51.14675442003338,3,3,72,observed,0
Llama 3 70B,PGG,contribution,26,49.305555555555564,1.2028130608117178,46.31760227104436,52.29350884006677,3,3,72,observed,0
Llama 3 70B,PGG,contribution,27,46.180555555555564,1.2028130608117178,43.19260227104436,49.16850884006677,3,3,72,observed,0
Llama 3 70B,PGG,contribution,28,49.86111111111111,0.8419691425682015,47.76954381195327,51.952678410268945,3,3,72,observed,0
Llama 3 70B,PGG,contribution,29,39.236111111111114,6.61547183446446,22.802368046299467,55.669854175922765,3,3,72,observed,0
Llama 3 70B,PGG,contribution,30,46.84722222222223,,,,0,3,0,estimated,3
Llama 3 70B,TG,sender,1,51.388888888888886,2.405626121623439,45.41298231986647,57.3647954579113,3,3,36,observed,0
Llama 3 70B,TG,receiver,1,44.25925925925926,3.3487298740787255,35.94055309269845,52.57796542582007,3,3,36,observed,0
Llama 3 70B,TG,sender,2,49.72222222222222,2.9265704869035396,42.45221810969971,56.992226334744736,3,3,36,observed,0
Llama 3 70B,TG,receiver,2,37.476851851851855,5.51387722734096,23.77962149362257,51.17408221008114,3,3,36,observed,0
Llama 3 70B,TG,sender,3,47.77777777777777,3.8490017945975077,38.216327267341896,57.33922828821365,3,3,36,observed,0
Llama 3 70B,TG,receiver,3,36.851851851851855,2.6254531256958944,30.329864731958725,43.37383897174498,3,3,36,observed,0
Llama 3 70B,TG,sender,4,48.888888888888886,1.9245008972987538,44.10816363367095,53.66961414410682,3,3,36,observed,0
Llama 3 70B,TG,receiver,4,37.40740740740741,6.094252841446047,22.26844409921729,52.54637071559753,3,3,36,observed,0
Llama 3 70B,TG,sender,5,53.05555555555555,3.3678765702728155,44.689286358924164,61.421824752186936,3,3,36,observed,0
Llama 3 70B,TG,receiver,5,33.711419753086425,2.8409420852720944,26.65412838225085,40.768711123922,3,3,36,observed,0
Llama 3 70B,TG,sender,6,48.333333333333336,2.2047927592204957,42.85632449362751,53.81034217303916,3,3,36,observed,0
Llama 3 70B,TG,receiver,6,33.333333333333336,2.4216105241892634,27.31771930709785,39.348947359568825,3,3,36,observed,0
Llama 3 70B,TG,sender,7,49.166666666666664,7.105427357601002e-15,49.16666666666665,49.16666666666668,3,3,36,observed,0
Llama 3 70B,TG,receiver,7,35.30092592592593,1.7925995274582731,30.8478618377562,39.75399001409566,3,3,36,observed,0
Llama 3 70B,TG,sender,8,51.11111111111111,5.672382737961702,37.02013123643347,65.20209098578874,3,3,36,observed,0
Llama 3 70B,TG,receiver,8,38.05555555555555,2.499999999999993,31.845211276256702,44.265899834854395,3,3,36,observed,0
Llama 3 70B,TG,sender,9,48.333333333333336,3.632415786283897,39.309912293980105,57.35675437268657,3,3,36,observed,0
Llama 3 70B,TG,receiver,9,35.370370370370374,1.6972502573910497,31.15416699975956,39.58657374098119,3,3,36,observed,0
Llama 3 70B,TG,sender,10,49.444444444444436,3.3678765702728195,41.07817524781304,57.81071364107583,3,3,36,observed,0
Llama 3 70B,TG,receiver,10,39.217171717171716,0.7588373333998383,37.33211528021248,41.102228154130955,3,3,35,observed,0
Llama 3 70B,TG,sender,11,54.99999999999999,0.0,54.99999999999999,54.99999999999999,3,3,36,observed,0
Llama 3 70B,TG,receiver,11,36.71296296296296,2.0238419439254023,31.685460867498076,41.740465058427844,3,3,36,observed,0
Llama 3 70B,TG,sender,12,56.111111111111114,3.1549490810001513,48.27378312044372,63.94843910177851,3,3,36,observed,0
Llama 3 70B,TG,receiver,12,39.67592592592593,3.3139870681802344,31.443525673708518,47.90832617814334,3,3,36,observed,0
Llama 3 70B,TG,sender,13,53.05555555555555,4.110735718596871,42.84392193407652,63.26718917703458,3,3,36,observed,0
Llama 3 70B,TG,receiver,13,38.45959595959596,1.3526021960446553,35.099545835446754,41.81964608374516,3,3,35,observed,0
Llama 3 70B,TG,sender,14,56.38888888888889,4.2763345328724,45.76588500785198,67.01189276992581,3,3,36,observed,0
Llama 3 70B,TG,receiver,14,37.77777777777778,2.4571952795769576,31.673766318721405,43.88178923683415,3,3,36,observed,0
Llama 3 70B,TG,sender,15,56.38888888888888,6.735753140545624,39.65635049562613,73.12142728215163,3,3,36,observed,0
Llama 3 70B,TG,receiver,15,37.405536849981296,1.9960868629612567,32.446982197831275,42.364091502131316,3,3,35,observed,0
Llama 3 70B,TG,sender,16,53.61111111111111,7.184731753543091,35.76324801354581,71.45897420867641,3,3,36,observed,0
Llama 3 70B,TG,receiver,16,33.804713804713806,4.315547466669932,23.08429959604328,44.52512801338433,3,3,35,observed,0
Llama 3 70B,TG,sender,17,50.0,3.333333333333332,41.71954096093485,58.28045903906515,3,3,36,observed,0
Llama 3 70B,TG,receiver,17,29.881687242798353,1.477967583411489,26.21021223214687,33.553162253449834,3,3,36,observed,0
Llama 3 70B,TG,sender,18,54.166666666666664,5.068968775248517,41.57465017254299,66.75868316079034,3,3,36,observed,0
Llama 3 70B,TG,receiver,18,35.925925925925924,2.8811773856484466,28.76868452808309,43.08316732376876,3,3,35,observed,0
Llama 3 70B,TG,sender,19,53.611111111111114,2.4056261216234436,47.63520454208869,59.58701768013354,3,3,36,observed,0
Llama 3 70B,TG,receiver,19,36.90235690235691,2.1601366912249707,31.536279885215876,42.26843391949794,3,3,34,observed,0
Llama 3 70B,TG,sender,20,58.05555555555555,0.4811252243246936,56.86037424175105,59.25073686936005,3,3,36,observed,0
Llama 3 70B,TG,receiver,20,34.87911522633745,1.4626408828318986,31.245713850591958,38.51251660208294,3,3,36,observed,0
Llama 3 70B,TG,sender,21,58.05555555555555,10.28528254531867,32.505497309038645,83.60561380207245,3,3,36,observed,0
Llama 3 70B,TG,receiver,21,39.84006734006734,3.4762551826155623,31.204570745371505,48.47556393476318,3,3,35,observed,0
Llama 3 70B,TG,sender,22,61.944444444444436,4.589642122738417,50.54314136405338,73.34574752483549,3,3,36,observed,0
Llama 3 70B,TG,receiver,22,33.49794238683128,3.569766126603891,24.630151729715543,42.36573304394701,3,3,36,observed,0
Llama 3 70B,TG,sender,23,62.5,4.166666666666661,52.14942620116857,72.85057379883142,3,3,36,observed,0
Llama 3 70B,TG,receiver,23,37.361111111111114,2.6498311150470646,30.778565708534845,43.94365651368738,3,3,36,observed,0
Llama 3 70B,TG,sender,24,58.333333333333336,7.6376261582597245,39.360418165584676,77.306248501082,3,3,36,observed,0
Llama 3 70B,TG,receiver,24,36.52263374485596,1.1733808583854555,33.6077941043308,39.43747338538112,3,3,36,observed,0
Llama 3 70B,TG,sender,25,55.833333333333336,2.5,49.62298905403447,62.0436776126322,3,3,36,observed,0
Llama 3 70B,TG,receiver,25,36.2962962962963,4.306412809034541,25.598573835141494,46.9940187574511,3,3,36,observed,0
Llama 3 70B,TG,sender,26,57.77777777777778,8.221471437193749,37.354510534819696,78.20104502073586,3,3,36,observed,0
Llama 3 70B,TG,receiver,26,34.609053497942384,3.521641906587607,25.860810030616186,43.35729696526858,3,3,36,observed,0
Llama 3 70B,TG,sender,27,63.333333333333336,0.8333333333333357,61.263218573567045,65.40344809309963,3,3,36,observed,0
Llama 3 70B,TG,receiver,27,34.59221848110737,1.479499552526578,30.916937848203908,38.26749911401084,3,3,35,observed,0
Llama 3 70B,TG,sender,28,58.61111111111111,2.926570486903539,51.34110699858859,65.88111522363363,3,3,36,observed,0
Llama 3 70B,TG,receiver,28,35.32921810699589,1.4934359927262635,31.61931743742526,39.03911877656652,3,3,36,observed,0
Llama 3 70B,TG,sender,29,54.72222222222222,1.7347216662217715,50.41293471182375,59.03150973262069,3,3,36,observed,0
Llama 3 70B,TG,receiver,29,38.49673988562878,7.025659631568206,21.044033845144547,55.94944592611301,3,3,34,observed,0
Llama 3 70B,TG,sender,30,55.0,6.821127309893711,38.05538041305294,71.94461958694706,3,3,36,observed,0
Llama 3 70B,TG,receiver,30,36.69285447063225,2.9029996635053417,29.481403529409477,43.90430541185502,3,3,34,observed,0
Qwen 2.5 7B,PD,cooperation,1,0.0,0.0,0.0,0.0,3,3,72,observed,0
Qwen 2.5 7B,PD,cooperation,2,0.0,0.0,0.0,0.0,3,3,72,observed,0
Qwen 2.5 7B,PD,cooperation,3,0.0,0.0,0.0,0.0,3,3,72,observed,0
Qwen 2.5 7B,PD,cooperation,4,0.0,0.0,0.0,0.0,3,3,72,observed,0
Qwen 2.5 7B,PD,cooperation,5,0.0,0.0,0.0,0.0,3,3,72,observed,0
Qwen 2.5 7B,PD,cooperation,6,0.0,0.0,0.0,0.0,3,3,72,observed,0
Qwen 2.5 7B,PD,cooperation,7,0.0,0.0,0.0,0.0,3,3,72,observed,0
Qwen 2.5 7B,PD,cooperation,8,0.0,0.0,0.0,0.0,3,3,72,observed,0
Qwen 2.5 7B,PD,cooperation,9,0.0,0.0,0.0,0.0,3,3,72,observed,0
Qwen 2.5 7B,PD,cooperation,10,0.0,0.0,0.0,0.0,3,3,72,observed,0
Qwen 2.5 7B,PGG,contribution,1,0.0,0.0,0.0,0.0,3,3,72,observed,0
Qwen 2.5 7B,PGG,contribution,2,3.6111111111111107,3.134245582332432,-4.174786537751272,11.397008759973493,3,3,72,observed,0
Qwen 2.5 7B,PGG,contribution,3,65.90277777777779,27.07879235435677,-1.3646714975027692,133.17022705305834,3,3,72,observed,0
Qwen 2.5 7B,PGG,contribution,4,11.874999999999998,20.568103339880413,-39.21900116514168,62.96900116514168,3,3,72,observed,0
Qwen 2.5 7B,PGG,contribution,5,12.22222222222222,17.684215602663333,-31.707804658532957,56.1522491029774,3,3,72,observed,0
Qwen 2.5 7B,PGG,contribution,6,1.25,2.165063509461097,-4.128315912120178,6.628315912120178,3,3,72,observed,0
Qwen 2.5 7B,PGG,contribution,7,5.0,8.660254037844387,-16.513263648480713,26.513263648480713,3,3,72,observed,0
Qwen 2.5 7B,PGG,contribution,8,1.25,2.165063509461097,-4.128315912120178,6.628315912120178,3,3,72,observed,0
Qwen 2.5 7B,PGG,contribution,9,0.0,0.0,0.0,0.0,3,3,72,observed,0
Qwen 2.5 7B,PGG,contribution,10,7.5,12.99038105676658,-24.769895472721068,39.76989547272107,3,3,72,observed,0
Qwen 2.5 7B,PGG,contribution,11,0.0,0.0,0.0,0.0,3,3,72,observed,0
Qwen 2.5 7B,PGG,contribution,12,3.75,6.49519052838329,-12.384947736360534,19.884947736360534,3,3,72,observed,0
Qwen 2.5 7B,PGG,contribution,13,0.0,0.0,0.0,0.0,3,3,72,observed,0
Qwen 2.5 7B,PGG,contribution,14,0.0,0.0,0.0,0.0,3,3,72,observed,0
Qwen 2.5 7B,PGG,contribution,15,0.0,0.0,0.0,0.0,3,3,72,observed,0
Qwen 2.5 7B,PGG,contribution,16,0.0,0.0,0.0,0.0,3,3,72,observed,0
Qwen 2.5 7B,PGG,contribution,17,0.0,0.0,0.0,0.0,3,3,72,observed,0
Qwen 2.5 7B,PGG,contribution,18,0.0,0.0,0.0,0.0,3,3,72,observed,0
Qwen 2.5 7B,PGG,contribution,19,0.0,0.0,0.0,0.0,3,3,72,observed,0
Qwen 2.5 7B,PGG,contribution,20,0.0,0.0,0.0,0.0,3,3,72,observed,0
Qwen 2.5 7B,PGG,contribution,21,0.0,0.0,0.0,0.0,3,3,72,observed,0
Qwen 2.5 7B,PGG,contribution,22,0.0,0.0,0.0,0.0,3,3,72,observed,0
Qwen 2.5 7B,PGG,contribution,23,0.0,0.0,0.0,0.0,3,3,72,observed,0
Qwen 2.5 7B,PGG,contribution,24,0.0,0.0,0.0,0.0,3,3,72,observed,0
Qwen 2.5 7B,PGG,contribution,25,0.0,0.0,0.0,0.0,3,3,72,observed,0
Qwen 2.5 7B,PGG,contribution,26,0.0,0.0,0.0,0.0,3,3,72,observed,0
Qwen 2.5 7B,PGG,contribution,27,0.0,0.0,0.0,0.0,3,3,72,observed,0
Qwen 2.5 7B,PGG,contribution,28,0.0,0.0,0.0,0.0,3,3,72,observed,0
Qwen 2.5 7B,PGG,contribution,29,0.0,0.0,0.0,0.0,3,3,72,observed,0
Qwen 2.5 7B,PGG,contribution,30,0.0,0.0,0.0,0.0,3,3,72,observed,0
Qwen 2.5 7B,TG,sender,1,48.333333333333336,1.6666666666666679,44.193103813800754,52.47356285286592,3,3,36,observed,0
Qwen 2.5 7B,TG,receiver,1,57.40740740740741,6.990587440065512,40.041825520467675,74.77298929434716,3,3,36,observed,0
Qwen 2.5 7B,TG,sender,2,50.0,1.6666666666666679,45.85977048046742,54.14022951953258,3,3,36,observed,0
Qwen 2.5 7B,TG,receiver,2,38.888888888888886,2.777777777777782,31.988506356334582,45.78927142144319,3,3,36,observed,0
Qwen 2.5 7B,TG,sender,3,46.666666666666664,0.8333333333333357,44.59655190690037,48.736781426432955,3,3,36,observed,0
Qwen 2.5 7B,TG,receiver,3,29.62962962962963,8.486251286955259,8.548612776575542,50.710646482683714,3,3,36,observed,0
Qwen 2.5 7B,TG,sender,4,46.388888888888886,0.962250448649379,43.99852626127991,48.77925151649786,3,3,36,observed,0
Qwen 2.5 7B,TG,receiver,4,32.87037037037037,11.647912616119557,3.9353513778539018,61.80538936288683,3,3,36,observed,0
Qwen 2.5 7B,TG,sender,5,42.77777777777777,3.154949081000157,34.94044978711036,50.61510576844518,3,3,36,observed,0
Qwen 2.5 7B,TG,receiver,5,48.14814814814815,6.415002990995844,32.212397297421695,64.08389899887462,3,3,36,observed,0
Qwen 2.5 7B,TG,sender,6,46.388888888888886,1.7347216662217821,42.07960137849039,50.698176399287384,3,3,36,observed,0
Qwen 2.5 7B,TG,receiver,6,23.14814814814815,9.755234956345127,-1.0851988935935601,47.38149518988986,3,3,36,observed,0
Qwen 2.5 7B,TG,sender,7,42.77777777777778,3.367876570272816,34.41150858114639,51.144046974409164,3,3,36,observed,0
Qwen 2.5 7B,TG,receiver,7,29.62962962962963,5.78240555407259,15.265337928301355,43.9939213309579,3,3,36,observed,0
Qwen 2.5 7B,TG,sender,8,45.27777777777778,3.1549490810001486,37.44044978711039,53.11510576844517,3,3,36,observed,0
Qwen 2.5 7B,TG,receiver,8,30.555555555555554,7.349309197401639,12.298859423202835,48.81225168790827,3,3,36,observed,0
Qwen 2.5 7B,TG,sender,9,37.77777777777777,6.309898162000307,22.103121796442963,53.45243375911258,3,3,36,observed,0
Qwen 2.5 7B,TG,receiver,9,43.51851851851851,4.46465313008933,32.427705308316895,54.60933172872013,3,3,36,observed,0
Qwen 2.5 7B,TG,sender,10,44.166666666666664,0.8333333333333321,42.09655190690038,46.23678142643295,3,3,36,observed,0
Qwen 2.5 7B,TG,receiver,10,37.962962962962955,4.0093768693724,28.003118681258925,47.922807244666984,3,3,36,observed,0
Qwen 2.5 7B,TG,sender,11,40.00000000000001,5.833333333333333,25.50919668163599,54.49080331836402,3,3,36,observed,0
Qwen 2.5 7B,TG,receiver,11,38.425925925925924,2.8912027770363,31.243780075261775,45.60807177659007,3,3,36,observed,0
Qwen 2.5 7B,TG,sender,12,42.22222222222222,6.364688465216445,26.411459582431654,58.03298486201279,3,3,36,observed,0
Qwen 2.5 7B,TG,receiver,12,34.25925925925925,6.262846878920684,18.701485144607325,49.81703337391118,3,3,36,observed,0
Qwen 2.5 7B,TG,sender,13,45.55555555555555,0.9622504486493749,43.165192927946585,47.945918183164515,3,3,36,observed,0
Qwen 2.5 7B,TG,receiver,13,23.84259259259259,8.284967670450593,3.261591962049039,44.423593223136145,3,3,36,observed,0
Qwen 2.5 7B,TG,sender,14,43.055555555555564,6.2546279162209455,27.518198476097275,58.59291263501385,3,3,36,observed,0
Qwen 2.5 7B,TG,receiver,14,35.18518518518518,16.037507477489605,-4.654191941630948,75.02456231200131,3,3,36,observed,0
Qwen 2.5 7B,TG,sender,15,43.61111111111111,5.422005915539764,30.142101743152317,57.0801204790699,3,3,36,observed,0
Qwen 2.5 7B,TG,receiver,15,40.97222222222222,3.182344232608223,33.06684090232694,48.877603542117505,3,3,36,observed,0
Qwen 2.5 7B,TG,sender,16,46.111111111111114,3.3678765702728195,37.74484191447972,54.47738030774251,3,3,36,observed,0
Qwen 2.5 7B,TG,receiver,16,25.324074074074073,7.690900373796994,6.2188184184470074,44.42932972970114,3,3,36,observed,0
Qwen 2.5 7B,TG,sender,17,46.944444444444436,2.678791878053602,40.28995651832346,53.598932370565414,3,3,36,observed,0
Qwen 2.5 7B,TG,receiver,17,40.20061728395061,4.72320553790213,28.46752428704533,51.9337102808559,3,3,36,observed,0
Qwen 2.5 7B,TG,sender,18,47.77777777777778,4.194352464039307,37.35842864561394,58.197126909941616,3,3,36,observed,0
Qwen 2.5 7B,TG,receiver,18,37.73148148148149,16.172257846952387,-2.442634119785282,77.90559708274826,3,3,36,observed,0
Qwen 2.5 7B,TG,sender,19,49.166666666666664,4.330127018922195,38.410034842426306,59.92329849090702,3,3,36,observed,0
Qwen 2.5 7B,TG,receiver,19,31.018518518518515,4.46465313008933,19.927705308316902,42.10933172872013,3,3,36,observed,0
Qwen 2.5 7B,TG,sender,20,51.111111111111114,5.548606765399497,37.32760779768002,64.89461442454221,3,3,36,observed,0
Qwen 2.5 7B,TG,receiver,20,27.314814814814813,5.61312761712136,13.371032820429171,41.258596809200455,3,3,36,observed,0
Qwen 2.5 7B,TG,sender,21,49.166666666666664,2.204792759220497,43.68965782696083,54.643675506372496,3,3,36,observed,0
Qwen 2.5 7B,TG,receiver,21,42.74691358024692,8.086405027787931,22.65916989848038,62.83465726201346,3,3,36,observed,0
Qwen 2.5 7B,TG,sender,22,45.555555555555564,6.7871065127059005,28.695448313885503,62.41566279722562,3,3,36,observed,0
Qwen 2.5 7B,TG,receiver,22,42.592592592592595,0.40093768693724124,41.596608164422186,43.588577020763005,3,3,36,observed,0
Qwen 2.5 7B,TG,sender,23,47.77777777777777,9.730155493409445,23.606731575704263,71.94882397985128,3,3,36,observed,0
Qwen 2.5 7B,TG,receiver,23,50.231481481481474,4.5183382629498,39.007307008182494,61.455655954780454,3,3,36,observed,0
Qwen 2.5 7B,TG,sender,24,51.94444444444445,6.735753140545637,35.21190605118167,68.67698283770723,3,3,36,observed,0
Qwen 2.5 7B,TG,receiver,24,33.245149911816576,5.518260800044607,19.537030155322093,46.95326966831106,3,3,36,observed,0
Qwen 2.5 7B,TG,sender,25,43.88888888888889,5.357583756107204,30.579913036646932,57.19786474113086,3,3,36,observed,0
Qwen 2.5 7B,TG,receiver,25,44.53703703703704,11.716439244056655,15.431788463805052,73.64228561026903,3,3,36,observed,0
Qwen 2.5 7B,TG,sender,26,49.44444444444445,5.5486067653995,35.660941131013345,63.227947757875555,3,3,36,observed,0
Qwen 2.5 7B,TG,receiver,26,42.824074074074076,3.8247017689486875,33.322988173748186,52.325159974399966,3,3,36,observed,0
Qwen 2.5 7B,TG,sender,27,51.38888888888889,8.09377904685192,31.282827128278562,71.49495064949923,3,3,36,observed,0
Qwen 2.5 7B,TG,receiver,27,40.586419753086425,13.624673053719823,6.740855610491906,74.43198389568094,3,3,36,observed,0
Qwen 2.5 7B,TG,sender,28,50.555555555555564,7.920320794101809,30.880387982010763,70.23072312910037,3,3,36,observed,0
Qwen 2.5 7B,TG,receiver,28,40.74074074074074,13.710271199037823,6.682539017308528,74.79894246417295,3,3,36,observed,0
Qwen 2.5 7B,TG,sender,29,46.388888888888886,2.545875386086578,40.06458383297266,52.71319394480511,3,3,36,observed,0
Qwen 2.5 7B,TG,receiver,29,43.25617283950617,6.909841774716931,26.09117430491673,60.42117137409561,3,3,36,observed,0
Qwen 2.5 7B,TG,sender,30,43.333333333333336,5.068968775248512,30.741316839209667,55.925349827457005,3,3,36,observed,0
Qwen 2.5 7B,TG,receiver,30,38.19444444444444,10.229805460177943,12.782198917261894,63.60668997162699,3,3,36,observed,0
GLM-5.1,PD,cooperation,1,0.0,0.0,0.0,0.0,3,3,72,observed,0
GLM-5.1,PD,cooperation,2,0.0,0.0,0.0,0.0,3,3,72,observed,0
GLM-5.1,PD,cooperation,3,0.0,0.0,0.0,0.0,3,3,72,observed,0
GLM-5.1,PD,cooperation,4,0.0,0.0,0.0,0.0,3,3,72,observed,0
GLM-5.1,PD,cooperation,5,0.0,0.0,0.0,0.0,3,3,72,observed,0
GLM-5.1,PD,cooperation,6,0.0,0.0,0.0,0.0,3,3,72,observed,0
GLM-5.1,PD,cooperation,7,0.0,0.0,0.0,0.0,3,3,72,observed,0
GLM-5.1,PD,cooperation,8,0.0,0.0,0.0,0.0,3,3,72,observed,0
GLM-5.1,PD,cooperation,9,0.0,0.0,0.0,0.0,3,3,72,observed,0
GLM-5.1,PD,cooperation,10,0.0,0.0,0.0,0.0,3,3,72,observed,0
GLM-5.1,PGG,contribution,1,0.0,0.0,0.0,0.0,3,3,72,observed,0
GLM-5.1,PGG,contribution,2,0.0,0.0,0.0,0.0,3,3,72,observed,0
GLM-5.1,PGG,contribution,3,0.0,0.0,0.0,0.0,3,3,72,observed,0
GLM-5.1,PGG,contribution,4,0.0,0.0,0.0,0.0,3,3,72,observed,0
GLM-5.1,PGG,contribution,5,0.0,0.0,0.0,0.0,3,3,72,observed,0
GLM-5.1,PGG,contribution,6,0.0,0.0,0.0,0.0,3,3,72,observed,0
GLM-5.1,PGG,contribution,7,0.0,0.0,0.0,0.0,3,3,72,observed,0
GLM-5.1,PGG,contribution,8,0.0,0.0,0.0,0.0,3,3,72,observed,0
GLM-5.1,PGG,contribution,9,0.0,0.0,0.0,0.0,3,3,72,observed,0
GLM-5.1,PGG,contribution,10,0.0,0.0,0.0,0.0,3,3,72,observed,0
GLM-5.1,PGG,contribution,11,0.0,0.0,0.0,0.0,3,3,72,observed,0
GLM-5.1,PGG,contribution,12,0.0,0.0,0.0,0.0,3,3,72,observed,0
GLM-5.1,PGG,contribution,13,0.0,0.0,0.0,0.0,3,3,72,observed,0
GLM-5.1,PGG,contribution,14,0.0,0.0,0.0,0.0,3,3,72,observed,0
GLM-5.1,PGG,contribution,15,0.0,0.0,0.0,0.0,3,3,72,observed,0
GLM-5.1,PGG,contribution,16,0.0,0.0,0.0,0.0,3,3,72,observed,0
GLM-5.1,PGG,contribution,17,0.0,0.0,0.0,0.0,3,3,72,observed,0
GLM-5.1,PGG,contribution,18,0.0,0.0,0.0,0.0,3,3,72,observed,0
GLM-5.1,PGG,contribution,19,0.0,0.0,0.0,0.0,3,3,72,observed,0
GLM-5.1,PGG,contribution,20,0.0,0.0,0.0,0.0,3,3,72,observed,0
GLM-5.1,PGG,contribution,21,0.0,0.0,0.0,0.0,3,3,72,observed,0
GLM-5.1,PGG,contribution,22,0.0,0.0,0.0,0.0,3,3,72,observed,0
GLM-5.1,PGG,contribution,23,0.0,0.0,0.0,0.0,3,3,72,observed,0
GLM-5.1,PGG,contribution,24,0.0,0.0,0.0,0.0,3,3,72,observed,0
GLM-5.1,PGG,contribution,25,0.0,0.0,0.0,0.0,3,3,72,observed,0
GLM-5.1,PGG,contribution,26,0.0,0.0,0.0,0.0,3,3,72,observed,0
GLM-5.1,PGG,contribution,27,0.0,0.0,0.0,0.0,3,3,72,observed,0
GLM-5.1,PGG,contribution,28,0.0,0.0,0.0,0.0,3,3,72,observed,0
GLM-5.1,PGG,contribution,29,0.0,0.0,0.0,0.0,3,3,72,observed,0
GLM-5.1,PGG,contribution,30,0.0,0.0,0.0,0.0,3,3,72,observed,0
GLM-5.1,TG,sender,1,50.0,0.0,50.0,50.0,3,3,36,observed,0
GLM-5.1,TG,receiver,1,12.222222222222221,7.698003589195011,-6.900678798649523,31.345123243093965,3,3,36,observed,0
GLM-5.1,TG,sender,2,48.61111111111111,2.4056261216234436,42.63520454208868,54.587017680133535,3,3,36,observed,0
GLM-5.1,TG,receiver,2,7.609427609427609,5.593382090034178,-6.285303776482985,21.5041589953382,3,3,35,observed,0
GLM-5.1,TG,sender,3,47.5,4.330127018922194,36.74336817575964,58.25663182424036,3,3,36,observed,0
GLM-5.1,TG,receiver,3,13.804713804713806,5.2216783935553925,0.8333455888117207,26.776082020615892,3,3,35,observed,0
GLM-5.1,TG,sender,4,47.22222222222222,2.4056261216234436,41.246315653199794,53.19812879124465,3,3,36,observed,0
GLM-5.1,TG,receiver,4,9.703703703703704,4.333808141128911,-1.062072535031806,20.469479942439214,3,3,33,observed,0
GLM-5.1,TG,sender,5,33.888888888888886,0.4811252243246895,32.693707575084396,35.084070202693376,3,3,36,observed,0
GLM-5.1,TG,receiver,5,4.074074074074074,0.6415002990995842,2.480498989001429,5.66764915914672,3,3,26,observed,0
GLM-5.1,TG,sender,6,41.11111111111111,5.548606765399493,27.327607797680024,54.89461442454219,3,3,36,observed,0
GLM-5.1,TG,receiver,6,10.444444444444445,5.1484245036623815,-2.3449510210442615,23.233839909933153,3,3,32,observed,0
GLM-5.1,TG,sender,7,42.22222222222222,3.3678765702728186,33.85595302559083,50.588491418853614,3,3,36,observed,0
GLM-5.1,TG,receiver,7,6.808080808080809,1.9510382753818285,1.9614330511965443,11.654728564965072,3,3,32,observed,0
GLM-5.1,TG,sender,8,35.55555555555555,11.912100912439756,5.964256453155141,65.14685465795596,3,3,36,observed,0
GLM-5.1,TG,receiver,8,15.55266955266955,3.69079376407997,6.384229577139164,24.72110952819994,3,3,28,observed,0
GLM-5.1,TG,sender,9,39.72222222222222,6.364688465216445,23.911459582431654,55.53298486201279,3,3,36,observed,0
GLM-5.1,TG,receiver,9,6.1604938271604945,0.9660444523204763,3.7607063719537446,8.560281282367244,3,3,31,observed,0
GLM-5.1,TG,sender,10,36.666666666666664,5.464532103585001,23.092016391249025,50.2413169420843,3,3,36,observed,0
GLM-5.1,TG,receiver,10,17.925925925925927,9.124049831207596,-4.739470343385218,40.59132219523707,3,3,28,observed,0
GLM-5.1,TG,sender,11,38.611111111111114,10.285282545318676,13.061052864594192,64.16116935762804,3,3,36,observed,0
GLM-5.1,TG,receiver,11,6.257575757575758,1.811033929411665,1.7587180763206067,10.756433438830909,3,3,29,observed,0
GLM-5.1,TG,sender,12,35.83333333333333,2.2047927592204903,30.356324493627515,41.31034217303914,3,3,36,observed,0
GLM-5.1,TG,receiver,12,11.358024691358024,8.552054224490107,-9.886455720368305,32.602505103084354,3,3,29,observed,0
GLM-5.1,TG,sender,13,40.27777777777778,6.364688465216446,24.46701513798721,56.088540417568346,3,3,36,observed,0
GLM-5.1,TG,receiver,13,17.934343434343436,8.760148690582495,-3.827072288203137,39.695759156890006,3,3,29,observed,0
GLM-5.1,TG,sender,14,32.22222222222222,12.369691154562396,1.4942059428500833,62.950238501594356,3,3,36,observed,0
GLM-5.1,TG,receiver,14,15.266955266955266,10.062801368895322,-9.73042909906067,40.2643396329712,3,3,24,observed,0
GLM-5.1,TG,sender,15,25.833333333333332,8.0363756341608,5.869869554970407,45.79679711169626,3,3,36,observed,0
GLM-5.1,TG,receiver,15,10.784832451499119,2.201390983525646,5.316274091083679,16.253390811914556,3,3,20,observed,0
GLM-5.1,TG,sender,16,29.722222222222218,10.715167512214395,3.1042705177383354,56.3401739267061,3,3,36,observed,0
GLM-5.1,TG,receiver,16,9.82716049382716,1.6251340910522798,5.790103611643126,13.864217376011194,3,3,23,observed,0
GLM-5.1,TG,sender,17,22.777777777777782,1.924500897298752,17.997052522559848,27.558503032995716,3,3,36,observed,0
GLM-5.1,TG,receiver,17,6.296296296296297,6.119522830317892,-8.905441144225108,21.498033736817703,3,3,18,observed,0
GLM-5.1,TG,sender,18,24.444444444444446,8.91056385130302,2.309376748737659,46.57951214015124,3,3,36,observed,0
GLM-5.1,TG,receiver,18,13.65079365079365,5.498573992282151,-0.00842136411474037,27.310008665702043,3,3,19,observed,0
GLM-5.1,TG,sender,19,25.277777777777782,0.4811252243246895,24.082596463973296,26.47295909158227,3,3,36,observed,0
GLM-5.1,TG,receiver,19,9.312169312169312,3.3080421232466852,1.0945371218554243,17.5298015024832,3,3,19,observed,0
GLM-5.1,TG,sender,20,26.944444444444446,2.6787918780535978,20.28995651832348,33.598932370565414,3,3,36,observed,0
GLM-5.1,TG,receiver,20,8.121693121693122,2.817553467422073,1.1225022984837816,15.120883944902463,3,3,21,observed,0
GLM-5.1,TG,sender,21,20.277777777777782,2.4056261216234414,14.301871208755362,26.253684346800203,3,3,36,observed,0
GLM-5.1,TG,receiver,21,2.6666666666666665,4.618802153517007,-8.80707394585638,14.140407279189713,3,3,17,observed,0
GLM-5.1,TG,sender,22,21.388888888888886,7.4690720331937515,2.8346853796825044,39.94309239809527,3,3,36,observed,0
GLM-5.1,TG,receiver,22,8.722222222222221,4.069989534976081,-1.388192267915759,18.832636712360202,3,3,17,observed,0
GLM-5.1,TG,sender,23,14.166666666666666,6.29152869605896,-1.4623570315790957,29.795690364912428,3,3,36,observed,0
GLM-5.1,TG,receiver,23,13.555555555555557,5.590998055737389,-0.33325356085235036,27.444364671963463,3,3,11,observed,0
GLM-5.1,TG,sender,24,18.333333333333332,2.886751345948131,11.162245450506424,25.50442121616024,3,3,36,observed,0
GLM-5.1,TG,receiver,24,2.2222222222222223,3.8490017945975055,-7.33922828821365,11.783672732658093,3,3,14,observed,0
GLM-5.1,TG,sender,25,26.944444444444446,13.85273071087965,-7.467646324747204,61.35653521363609,3,3,36,observed,0
GLM-5.1,TG,receiver,25,16.370370370370367,15.666798003126923,-22.5481133710897,55.28885411183043,3,3,20,observed,0
GLM-5.1,TG,sender,26,18.611111111111114,9.141379262169076,-4.097333851174085,41.31955607339631,3,3,36,observed,0
GLM-5.1,TG,receiver,26,2.0,1.763834207376394,-2.3816070717646545,6.3816070717646545,3,3,13,observed,0
GLM-5.1,TG,sender,27,13.611111111111112,4.589642122738419,2.2098080307200583,25.012414191502167,3,3,36,observed,0
GLM-5.1,TG,receiver,27,4.444444444444445,3.8490017945975055,-5.117006065991427,14.005894954880317,3,3,13,observed,0
GLM-5.1,TG,sender,28,15.833333333333336,4.409585518440985,4.879315653921701,26.78735101274497,3,3,36,observed,0
GLM-5.1,TG,receiver,28,7.111111111111112,6.710963942462889,-9.55984750035103,23.78206972257325,3,3,13,observed,0
GLM-5.1,TG,sender,29,14.444444444444445,2.097176232019651,9.23476987836253,19.654119010526358,3,3,36,observed,0
GLM-5.1,TG,receiver,29,8.74074074074074,6.0505415871591515,-6.289637792248744,23.771119273730225,3,3,11,observed,0
GLM-5.1,TG,sender,30,18.333333333333332,5.068968775248518,5.741316839209652,30.925349827457012,3,3,36,observed,0
GLM-5.1,TG,receiver,30,7.185185185185186,3.3431952878212616,-1.1197723069346912,15.490142677305062,3,3,14,observed,0
GPT-5.4,PD,cooperation,1,0.0,0.0,0.0,0.0,3,3,72,observed,0
GPT-5.4,PD,cooperation,2,0.0,0.0,0.0,0.0,3,3,72,observed,0
GPT-5.4,PD,cooperation,3,0.0,0.0,0.0,0.0,3,3,72,observed,0
GPT-5.4,PD,cooperation,4,0.0,0.0,0.0,0.0,3,3,72,observed,0
GPT-5.4,PD,cooperation,5,0.0,0.0,0.0,0.0,3,3,72,observed,0
GPT-5.4,PD,cooperation,6,0.0,0.0,0.0,0.0,3,3,72,observed,0
GPT-5.4,PD,cooperation,7,0.0,0.0,0.0,0.0,3,3,72,observed,0
GPT-5.4,PD,cooperation,8,0.0,0.0,0.0,0.0,3,3,72,observed,0
GPT-5.4,PD,cooperation,9,0.0,0.0,0.0,0.0,3,3,72,observed,0
GPT-5.4,PD,cooperation,10,0.0,0.0,0.0,0.0,3,3,72,observed,0
GPT-5.4,PGG,contribution,1,0.0,0.0,0.0,0.0,3,3,72,observed,0
GPT-5.4,PGG,contribution,2,0.0,0.0,0.0,0.0,3,3,72,observed,0
GPT-5.4,PGG,contribution,3,0.0,0.0,0.0,0.0,3,3,72,observed,0
GPT-5.4,PGG,contribution,4,0.0,0.0,0.0,0.0,3,3,72,observed,0
GPT-5.4,PGG,contribution,5,0.0,0.0,0.0,0.0,3,3,72,observed,0
GPT-5.4,PGG,contribution,6,0.0,0.0,0.0,0.0,3,3,72,observed,0
GPT-5.4,PGG,contribution,7,0.0,0.0,0.0,0.0,3,3,72,observed,0
GPT-5.4,PGG,contribution,8,0.0,0.0,0.0,0.0,3,3,72,observed,0
GPT-5.4,PGG,contribution,9,0.0,0.0,0.0,0.0,3,3,72,observed,0
GPT-5.4,PGG,contribution,10,0.0,0.0,0.0,0.0,3,3,72,observed,0
GPT-5.4,PGG,contribution,11,0.0,0.0,0.0,0.0,3,3,72,observed,0
GPT-5.4,PGG,contribution,12,0.0,0.0,0.0,0.0,3,3,72,observed,0
GPT-5.4,PGG,contribution,13,0.0,0.0,0.0,0.0,3,3,72,observed,0
GPT-5.4,PGG,contribution,14,0.0,0.0,0.0,0.0,3,3,72,observed,0
GPT-5.4,PGG,contribution,15,0.0,0.0,0.0,0.0,3,3,72,observed,0
GPT-5.4,PGG,contribution,16,0.0,0.0,0.0,0.0,3,3,72,observed,0
GPT-5.4,PGG,contribution,17,0.0,0.0,0.0,0.0,3,3,72,observed,0
GPT-5.4,PGG,contribution,18,0.0,0.0,0.0,0.0,3,3,72,observed,0
GPT-5.4,PGG,contribution,19,0.0,0.0,0.0,0.0,3,3,72,observed,0
GPT-5.4,PGG,contribution,20,0.0,0.0,0.0,0.0,3,3,72,observed,0
GPT-5.4,PGG,contribution,21,0.0,0.0,0.0,0.0,3,3,72,observed,0
GPT-5.4,PGG,contribution,22,0.0,0.0,0.0,0.0,3,3,72,observed,0
GPT-5.4,PGG,contribution,23,0.0,0.0,0.0,0.0,3,3,72,observed,0
GPT-5.4,PGG,contribution,24,0.0,0.0,0.0,0.0,3,3,72,observed,0
GPT-5.4,PGG,contribution,25,0.0,0.0,0.0,0.0,3,3,72,observed,0
GPT-5.4,PGG,contribution,26,0.0,0.0,0.0,0.0,3,3,72,observed,0
GPT-5.4,PGG,contribution,27,0.0,0.0,0.0,0.0,3,3,72,observed,0
GPT-5.4,PGG,contribution,28,0.0,0.0,0.0,0.0,3,3,72,observed,0
GPT-5.4,PGG,contribution,29,0.0,0.0,0.0,0.0,3,3,72,observed,0
GPT-5.4,PGG,contribution,30,0.0,0.0,0.0,0.0,3,3,72,observed,0
GPT-5.4,TG,sender,1,40.55555555555555,5.853140973807076,26.01554733051053,55.09556378060057,3,3,36,observed,0
GPT-5.4,TG,receiver,1,0.0,0.0,0.0,0.0,3,3,33,observed,0
GPT-5.4,TG,sender,2,28.61111111111111,4.738533919231107,16.8399403040869,40.38228191813532,3,3,36,observed,0
GPT-5.4,TG,receiver,2,0.0,0.0,0.0,0.0,3,3,25,observed,0
GPT-5.4,TG,sender,3,23.88888888888889,7.92032079410181,4.213721315344085,43.5640564624337,3,3,36,observed,0
GPT-5.4,TG,receiver,3,0.0,0.0,0.0,0.0,3,3,21,observed,0
GPT-5.4,TG,sender,4,25.833333333333332,4.4095855184409825,14.879315653921703,36.78735101274496,3,3,36,observed,0
GPT-5.4,TG,receiver,4,0.0,0.0,0.0,0.0,3,3,21,observed,0
GPT-5.4,TG,sender,5,10.555555555555557,4.276334532872405,-0.06744832548137225,21.178559436592487,3,3,36,observed,0
GPT-5.4,TG,receiver,5,0.0,0.0,0.0,0.0,3,3,9,observed,0
GPT-5.4,TG,sender,6,14.444444444444445,8.753306253660407,-7.299973722503905,36.18886261139279,3,3,36,observed,0
GPT-5.4,TG,receiver,6,0.0,0.0,0.0,0.0,3,3,15,observed,0
GPT-5.4,TG,sender,7,20.277777777777775,3.1549490810001526,12.440449787110373,28.115105768445176,3,3,36,observed,0
GPT-5.4,TG,receiver,7,0.0,0.0,0.0,0.0,3,3,18,observed,0
GPT-5.4,TG,sender,8,15.277777777777779,4.194352464039306,4.858428645613939,25.697126909941616,3,3,36,observed,0
GPT-5.4,TG,receiver,8,0.0,0.0,0.0,0.0,3,3,13,observed,0
GPT-5.4,TG,sender,9,6.9444444444444455,2.0971762320196534,1.734769878362525,12.154119010526365,3,3,36,observed,0
GPT-5.4,TG,receiver,9,0.0,0.0,0.0,0.0,3,3,7,observed,0
GPT-5.4,TG,sender,10,15.0,8.207381501496755,-5.388265902337476,35.38826590233748,3,3,36,observed,0
GPT-5.4,TG,receiver,10,0.0,0.0,0.0,0.0,3,3,13,observed,0
GPT-5.4,TG,sender,11,10.0,8.45740963757685,-11.00937022416499,31.00937022416499,3,3,36,observed,0
GPT-5.4,TG,receiver,11,0.0,0.0,0.0,0.0,3,3,9,observed,0
GPT-5.4,TG,sender,12,10.277777777777779,1.9245008972987518,5.497052522559844,15.058503032995713,3,3,36,observed,0
GPT-5.4,TG,receiver,12,0.0,0.0,0.0,0.0,3,3,10,observed,0
GPT-5.4,TG,sender,13,14.444444444444443,12.285191326386654,-16.07366262512251,44.962551514011395,3,3,36,observed,0
GPT-5.4,TG,receiver,13,0.0,0.0,0.0,0.0,3,3,13,observed,0
GPT-5.4,TG,sender,14,9.166666666666668,2.4999999999999996,2.9563223873678046,15.37701094596553,3,3,36,observed,0
GPT-5.4,TG,receiver,14,0.0,0.0,0.0,0.0,3,3,8,observed,0
GPT-5.4,TG,sender,15,9.722222222222221,5.357583756107196,-3.586753630019718,23.03119807446416,3,3,36,observed,0
GPT-5.4,TG,receiver,15,0.0,0.0,0.0,0.0,3,3,8,observed,0
GPT-5.4,TG,sender,16,9.722222222222223,3.9381796885438423,-0.060758457617470896,19.505202902061917,3,3,36,observed,0
GPT-5.4,TG,receiver,16,0.0,0.0,0.0,0.0,3,3,8,observed,0
GPT-5.4,TG,sender,17,3.055555555555556,3.3678765702728173,-5.310713641075832,11.421824752186943,3,3,36,observed,0
GPT-5.4,TG,receiver,17,0.0,0.0,0.0,0.0,2,3,3,observed,0
GPT-5.4,TG,sender,18,3.3333333333333335,3.3333333333333335,-4.947125705731819,11.613792372398487,3,3,36,observed,0
GPT-5.4,TG,receiver,18,0.0,0.0,0.0,0.0,2,3,3,observed,0
GPT-5.4,TG,sender,19,6.944444444444444,4.276334532872403,-3.6785594365924803,17.56744832548137,3,3,36,observed,0
GPT-5.4,TG,receiver,19,0.0,0.0,0.0,0.0,3,3,6,observed,0
GPT-5.4,TG,sender,20,5.833333333333333,8.036375634160796,-14.130130445029579,25.796797111696243,3,3,36,observed,0
GPT-5.4,TG,receiver,20,0.0,0.0,0.0,0.0,2,3,4,observed,0
GPT-5.4,TG,sender,21,4.166666666666667,0.8333333333333333,2.096551906900379,6.236781426432955,3,3,36,observed,0
GPT-5.4,TG,receiver,21,0.0,0.0,0.0,0.0,3,3,4,observed,0
GPT-5.4,TG,sender,22,2.777777777777778,0.48112522432468824,1.5825964639732941,3.972959091582262,3,3,36,observed,0
GPT-5.4,TG,receiver,22,0.0,0.0,0.0,0.0,3,3,3,observed,0
GPT-5.4,TG,sender,23,1.6666666666666667,1.4433756729740645,-1.9188772747467857,5.252210608080119,3,3,36,observed,0
GPT-5.4,TG,receiver,23,0.0,0.0,0.0,0.0,2,3,2,observed,0
GPT-5.4,TG,sender,24,1.9444444444444446,1.7347216662217773,-2.3648430659540383,6.2537319548429275,3,3,36,observed,0
GPT-5.4,TG,receiver,24,0.0,0.0,0.0,0.0,2,3,2,observed,0
GPT-5.4,TG,sender,25,1.9444444444444444,3.3678765702728164,-6.421824752186941,10.31071364107583,3,3,36,observed,0
GPT-5.4,TG,receiver,25,0.0,,,,1,3,2,observed,0
GPT-5.4,TG,sender,26,1.9444444444444446,1.7347216662217773,-2.3648430659540383,6.2537319548429275,3,3,36,observed,0
GPT-5.4,TG,receiver,26,0.0,0.0,0.0,0.0,2,3,2,observed,0
GPT-5.4,TG,sender,27,4.999999999999999,3.0046260628866572,-2.46390491243217,12.463904912432168,3,3,36,observed,0
GPT-5.4,TG,receiver,27,0.0,0.0,0.0,0.0,3,3,4,observed,0
GPT-5.4,TG,sender,28,7.222222222222221,4.194352464039305,-3.197126909941616,17.64157135438606,3,3,36,observed,0
GPT-5.4,TG,receiver,28,0.0,0.0,0.0,0.0,3,3,6,observed,0
GPT-5.4,TG,sender,29,1.388888888888889,1.272937693043289,-1.773263639069224,4.551041416847002,3,3,36,observed,0
GPT-5.4,TG,receiver,29,0.0,0.0,0.0,0.0,2,3,2,observed,0
GPT-5.4,TG,sender,30,6.111111111111111,3.3678765702728173,-2.255158085520277,14.477380307742498,3,3,36,observed,0
GPT-5.4,TG,receiver,30,0.0,0.0,0.0,0.0,3,3,5,observed,0
Gemini 3.1 Pro,PD,cooperation,1,4.166666666666666,4.166666666666666,-6.183907132164773,14.517240465498105,3,3,72,observed,0
Gemini 3.1 Pro,PD,cooperation,2,1.3888888888888886,2.4056261216234405,-4.58701768013353,7.364795457911307,3,3,72,observed,0
Gemini 3.1 Pro,PD,cooperation,3,4.166666666666666,4.166666666666666,-6.183907132164773,14.517240465498105,3,3,72,observed,0
Gemini 3.1 Pro,PD,cooperation,4,2.7777777777777772,4.811252243246881,-9.17403536026706,14.729590915822614,3,3,72,observed,0
Gemini 3.1 Pro,PD,cooperation,5,4.166666666666666,4.166666666666666,-6.183907132164773,14.517240465498105,3,3,72,observed,0
Gemini 3.1 Pro,PD,cooperation,6,2.7777777777777772,2.4056261216234405,-3.1981287912446414,8.753684346800195,3,3,72,observed,0
Gemini 3.1 Pro,PD,cooperation,7,4.166666666666666,4.166666666666666,-6.183907132164773,14.517240465498105,3,3,72,observed,0
Gemini 3.1 Pro,PD,cooperation,8,1.3888888888888886,2.4056261216234405,-4.58701768013353,7.364795457911307,3,3,72,observed,0
Gemini 3.1 Pro,PD,cooperation,9,0.0,0.0,0.0,0.0,3,3,72,observed,0
Gemini 3.1 Pro,PD,cooperation,10,6.944444444444443,2.4056261216234405,0.9685378754220242,12.920351013466862,3,3,72,observed,0
Gemini 3.1 Pro,PGG,contribution,1,0.0,0.0,0.0,0.0,3,3,72,observed,0
Gemini 3.1 Pro,PGG,contribution,2,0.0,0.0,0.0,0.0,3,3,72,observed,0
Gemini 3.1 Pro,PGG,contribution,3,0.0,0.0,0.0,0.0,3,3,72,observed,0
Gemini 3.1 Pro,PGG,contribution,4,0.0,0.0,0.0,0.0,3,3,72,observed,0
Gemini 3.1 Pro,PGG,contribution,5,0.0,0.0,0.0,0.0,3,3,72,observed,0
Gemini 3.1 Pro,PGG,contribution,6,0.0,0.0,0.0,0.0,3,3,72,observed,0
Gemini 3.1 Pro,PGG,contribution,7,0.0,0.0,0.0,0.0,3,3,72,observed,0
Gemini 3.1 Pro,PGG,contribution,8,0.0,0.0,0.0,0.0,3,3,72,observed,0
Gemini 3.1 Pro,PGG,contribution,9,0.0,0.0,0.0,0.0,3,3,72,observed,0
Gemini 3.1 Pro,PGG,contribution,10,0.0,0.0,0.0,0.0,3,3,72,observed,0
Gemini 3.1 Pro,PGG,contribution,11,0.0,0.0,0.0,0.0,3,3,72,observed,0
Gemini 3.1 Pro,PGG,contribution,12,0.0,0.0,0.0,0.0,3,3,72,observed,0
Gemini 3.1 Pro,PGG,contribution,13,0.0,0.0,0.0,0.0,3,3,72,observed,0
Gemini 3.1 Pro,PGG,contribution,14,0.0,0.0,0.0,0.0,3,3,72,observed,0
Gemini 3.1 Pro,PGG,contribution,15,0.0,0.0,0.0,0.0,3,3,72,observed,0
Gemini 3.1 Pro,PGG,contribution,16,0.0,0.0,0.0,0.0,3,3,72,observed,0
Gemini 3.1 Pro,PGG,contribution,17,0.0,0.0,0.0,0.0,3,3,72,observed,0
Gemini 3.1 Pro,PGG,contribution,18,0.0,0.0,0.0,0.0,3,3,72,observed,0
Gemini 3.1 Pro,PGG,contribution,19,0.0,0.0,0.0,0.0,3,3,72,observed,0
Gemini 3.1 Pro,PGG,contribution,20,0.0,0.0,0.0,0.0,3,3,72,observed,0
Gemini 3.1 Pro,PGG,contribution,21,0.0,0.0,0.0,0.0,3,3,72,observed,0
Gemini 3.1 Pro,PGG,contribution,22,0.0,0.0,0.0,0.0,3,3,72,observed,0
Gemini 3.1 Pro,PGG,contribution,23,0.0,0.0,0.0,0.0,3,3,72,observed,0
Gemini 3.1 Pro,PGG,contribution,24,0.0,0.0,0.0,0.0,3,3,72,observed,0
Gemini 3.1 Pro,PGG,contribution,25,0.0,0.0,0.0,0.0,3,3,72,observed,0
Gemini 3.1 Pro,PGG,contribution,26,0.0,0.0,0.0,0.0,3,3,72,observed,0
Gemini 3.1 Pro,PGG,contribution,27,0.0,0.0,0.0,0.0,3,3,72,observed,0
Gemini 3.1 Pro,PGG,contribution,28,0.0,0.0,0.0,0.0,3,3,72,observed,0
Gemini 3.1 Pro,PGG,contribution,29,0.0,0.0,0.0,0.0,3,3,72,observed,0
Gemini 3.1 Pro,PGG,contribution,30,0.0,0.0,0.0,0.0,3,3,72,observed,0
Gemini 3.1 Pro,TG,sender,1,53.88888888888889,4.194352464039307,43.469539756725055,64.30823802105273,3,3,36,observed,0
Gemini 3.1 Pro,TG,receiver,1,33.38383838383839,4.426329013051614,22.388227558038515,44.37944920963826,3,3,35,observed,0
Gemini 3.1 Pro,TG,sender,2,45.833333333333336,8.702335715267317e-15,45.833333333333314,45.83333333333336,3,3,36,observed,0
Gemini 3.1 Pro,TG,receiver,2,27.67676767676768,5.225259457122246,14.696503605811106,40.65703174772425,3,3,32,observed,0
Gemini 3.1 Pro,TG,sender,3,48.61111111111111,2.4056261216234436,42.63520454208868,54.587017680133535,3,3,36,observed,0
Gemini 3.1 Pro,TG,receiver,3,41.14478114478115,4.533467171241965,29.88302437985645,52.40653790970585,3,3,34,observed,0
Gemini 3.1 Pro,TG,sender,4,53.61111111111111,3.367876570272816,45.24484191447972,61.97738030774249,3,3,36,observed,0
Gemini 3.1 Pro,TG,receiver,4,36.75925925925927,3.6253281389725758,27.753444911879456,45.76507360663908,3,3,35,observed,0
Gemini 3.1 Pro,TG,sender,5,56.94444444444445,6.364688465216445,41.13368180465388,72.75520708423501,3,3,36,observed,0
Gemini 3.1 Pro,TG,receiver,5,42.919191919191924,6.034058015724476,27.929760847627144,57.908622990756704,3,3,32,observed,0
Gemini 3.1 Pro,TG,sender,6,52.77777777777777,8.673608331108888,31.231340225785353,74.3242153297702,3,3,36,observed,0
Gemini 3.1 Pro,TG,receiver,6,44.24242424242425,2.2878286167487127,38.55914289760761,49.92570558724089,3,3,33,observed,0
Gemini 3.1 Pro,TG,sender,7,55.55555555555555,2.4056261216234436,49.57964898653312,61.53146212457798,3,3,36,observed,0
Gemini 3.1 Pro,TG,receiver,7,36.498316498316505,6.836177772067251,19.516309490705343,53.48032350592767,3,3,34,observed,0
Gemini 3.1 Pro,TG,sender,8,65.27777777777777,12.028130608117197,35.39824493266569,95.15731062288985,3,3,36,observed,0
Gemini 3.1 Pro,TG,receiver,8,28.61111111111111,1.9444444444444418,23.780843338323113,33.44137888389911,3,3,36,observed,0
Gemini 3.1 Pro,TG,sender,9,45.833333333333336,7.216878364870317,27.90561362626609,63.76105304040058,3,3,36,observed,0
Gemini 3.1 Pro,TG,receiver,9,34.77777777777778,2.2194427061597986,29.26437645240534,40.29117910315021,3,3,28,observed,0
Gemini 3.1 Pro,TG,sender,10,52.77777777777778,4.811252243246883,40.82596463973294,64.72959091582263,3,3,36,observed,0
Gemini 3.1 Pro,TG,receiver,10,45.99326599326599,3.097460102924416,38.298748541044745,53.68778344548724,3,3,31,observed,0
Gemini 3.1 Pro,TG,sender,11,61.111111111111114,2.405626121623439,55.1352045420887,67.08701768013353,3,3,36,observed,0
Gemini 3.1 Pro,TG,receiver,11,40.505050505050505,8.65804473296958,18.997275074125987,62.01282593597502,3,3,33,observed,0
Gemini 3.1 Pro,TG,sender,12,56.388888888888886,3.8490017945975037,46.82743837845302,65.95033939932475,3,3,36,observed,0
Gemini 3.1 Pro,TG,receiver,12,38.474747474747474,4.779848783424945,26.600944855524777,50.348550093970175,3,3,32,observed,0
Gemini 3.1 Pro,TG,sender,13,61.111111111111114,2.405626121623439,55.1352045420887,67.08701768013353,3,3,36,observed,0
Gemini 3.1 Pro,TG,receiver,13,42.5084175084175,4.868522707041427,30.414336651492963,54.60249836534204,3,3,35,observed,0
Gemini 3.1 Pro,TG,sender,14,65.27777777777779,6.364688465216446,49.46701513798722,81.08854041756835,3,3,36,observed,0
Gemini 3.1 Pro,TG,receiver,14,44.18350168350168,0.46722858876693424,43.022841526152234,45.34416184085113,3,3,35,observed,0
Gemini 3.1 Pro,TG,sender,15,68.05555555555556,8.673608331108888,46.50911800356314,89.60199310754797,3,3,36,observed,0
Gemini 3.1 Pro,TG,receiver,15,47.816498316498325,1.7095518199495068,43.56973617042297,52.06326046257368,3,3,33,observed,0
Gemini 3.1 Pro,TG,sender,16,61.11111111111111,13.393959390267998,27.838671480506243,94.38355074171596,3,3,36,observed,0
Gemini 3.1 Pro,TG,receiver,16,31.805555555555557,11.366000034758201,3.5708462378070394,60.040264873304075,3,3,32,observed,0
Gemini 3.1 Pro,TG,sender,17,62.5,12.5,31.448278603505678,93.55172139649432,3,3,36,observed,0
Gemini 3.1 Pro,TG,receiver,17,36.2037037037037,6.575378065770736,19.869559081709095,52.537848325698306,3,3,29,observed,0
Gemini 3.1 Pro,TG,sender,18,63.88888888888889,15.774745405000765,24.70224893555188,103.0755288422259,3,3,36,observed,0
Gemini 3.1 Pro,TG,receiver,18,44.333333333333336,3.480102169636855,35.688280293101414,52.97838637356526,3,3,32,observed,0
Gemini 3.1 Pro,TG,sender,19,66.66666666666667,7.216878364870325,48.7389469595994,84.59438637373394,3,3,36,observed,0
Gemini 3.1 Pro,TG,receiver,19,46.27441077441079,2.024341298149114,41.24566821428728,51.3031533345343,3,3,33,observed,0
Gemini 3.1 Pro,TG,sender,20,65.27777777777777,10.485881160098264,39.22940494736817,91.32615060818738,3,3,36,observed,0
Gemini 3.1 Pro,TG,receiver,20,45.57912457912459,5.841287011345767,31.06856322926301,60.08968592898617,3,3,33,observed,0
Gemini 3.1 Pro,TG,sender,21,62.5,11.023963796102462,35.11495580147091,89.88504419852909,3,3,36,observed,0
Gemini 3.1 Pro,TG,receiver,21,40.5,6.918172526839088,23.31430672989692,57.68569327010308,3,3,28,observed,0
Gemini 3.1 Pro,TG,sender,22,72.22222222222221,4.811252243246887,60.27040908417736,84.17403536026707,3,3,36,observed,0
Gemini 3.1 Pro,TG,receiver,22,45.35353535353536,4.898729556760461,33.184416522071515,57.5226541849992,3,3,33,observed,0
Gemini 3.1 Pro,TG,sender,23,70.83333333333333,18.16207893141947,25.716228136567196,115.95043853009946,3,3,36,observed,0
Gemini 3.1 Pro,TG,receiver,23,48.18518518518519,2.068527636837888,43.04667767478208,53.3236926955883,3,3,30,observed,0
Gemini 3.1 Pro,TG,sender,24,68.05555555555556,2.4056261216234516,62.07964898653311,74.031462124578,3,3,36,observed,0
Gemini 3.1 Pro,TG,receiver,24,45.88888888888889,1.644294287438746,41.80423544029728,49.9735423374805,3,3,31,observed,0
Gemini 3.1 Pro,TG,sender,25,62.5,8.33333333333334,41.798852402337104,83.2011475976629,3,3,36,observed,0
Gemini 3.1 Pro,TG,receiver,25,26.265432098765434,6.372317029586659,10.435719054536538,42.095145142994326,3,3,30,observed,0
Gemini 3.1 Pro,TG,sender,26,68.05555555555556,9.622504486493757,44.15192927946589,91.95918183164522,3,3,36,observed,0
Gemini 3.1 Pro,TG,receiver,26,47.182940516273845,3.1110333726884,39.45470519276054,54.91117583978715,3,3,29,observed,0
Gemini 3.1 Pro,TG,sender,27,69.44444444444444,18.78854063676206,22.77112210048864,116.11776678840025,3,3,36,observed,0
Gemini 3.1 Pro,TG,receiver,27,45.47041847041847,3.7882382843217863,36.05991288735497,54.880924053481976,3,3,28,observed,0
Gemini 3.1 Pro,TG,sender,28,66.66666666666667,7.216878364870322,48.73894695959942,84.59438637373393,3,3,36,observed,0
Gemini 3.1 Pro,TG,receiver,28,48.28395061728395,0.2627629216517636,47.631211334367194,48.936689900200705,3,3,29,observed,0
Gemini 3.1 Pro,TG,sender,29,68.05555555555556,8.673608331108888,46.50911800356314,89.60199310754797,3,3,36,observed,0
Gemini 3.1 Pro,TG,receiver,29,46.65432098765432,2.188739524055107,41.21719059481794,52.0914513804907,3,3,29,observed,0
Gemini 3.1 Pro,TG,sender,30,61.11111111111111,17.347216662217768,18.018236007126283,104.20398621509594,3,3,36,observed,0
Gemini 3.1 Pro,TG,receiver,30,46.00448933782267,2.3142688877718958,40.25552671864925,51.75345195699609,3,3,27,observed,0
Claude Opus 4.6,PD,cooperation,1,100.0,0.0,100.0,100.0,3,3,72,observed,0
Claude Opus 4.6,PD,cooperation,2,100.0,0.0,100.0,100.0,3,3,72,observed,0
Claude Opus 4.6,PD,cooperation,3,100.0,0.0,100.0,100.0,3,3,72,observed,0
Claude Opus 4.6,PD,cooperation,4,100.0,0.0,100.0,100.0,3,3,72,observed,0
Claude Opus 4.6,PD,cooperation,5,100.0,0.0,100.0,100.0,3,3,72,observed,0
Claude Opus 4.6,PD,cooperation,6,100.0,0.0,100.0,100.0,3,3,72,observed,0
Claude Opus 4.6,PD,cooperation,7,100.0,0.0,100.0,100.0,3,3,72,observed,0
Claude Opus 4.6,PD,cooperation,8,100.0,0.0,100.0,100.0,3,3,72,observed,0
Claude Opus 4.6,PD,cooperation,9,100.0,0.0,100.0,100.0,3,3,72,observed,0
Claude Opus 4.6,PD,cooperation,10,100.0,0.0,100.0,100.0,3,3,72,observed,0
Claude Opus 4.6,PGG,contribution,1,0.0,0.0,0.0,0.0,3,3,72,observed,0
Claude Opus 4.6,PGG,contribution,2,0.0,0.0,0.0,0.0,3,3,72,observed,0
Claude Opus 4.6,PGG,contribution,3,0.0,0.0,0.0,0.0,3,3,72,observed,0
Claude Opus 4.6,PGG,contribution,4,0.0,0.0,0.0,0.0,3,3,72,observed,0
Claude Opus 4.6,PGG,contribution,5,0.0,0.0,0.0,0.0,3,3,72,observed,0
Claude Opus 4.6,PGG,contribution,6,0.0,0.0,0.0,0.0,3,3,72,observed,0
Claude Opus 4.6,PGG,contribution,7,0.0,0.0,0.0,0.0,3,3,72,observed,0
Claude Opus 4.6,PGG,contribution,8,0.0,0.0,0.0,0.0,3,3,72,observed,0
Claude Opus 4.6,PGG,contribution,9,0.0,0.0,0.0,0.0,3,3,72,observed,0
Claude Opus 4.6,PGG,contribution,10,0.0,0.0,0.0,0.0,3,3,72,observed,0
Claude Opus 4.6,PGG,contribution,11,0.0,0.0,0.0,0.0,3,3,72,observed,0
Claude Opus 4.6,PGG,contribution,12,0.0,0.0,0.0,0.0,3,3,72,observed,0
Claude Opus 4.6,PGG,contribution,13,0.0,0.0,0.0,0.0,3,3,72,observed,0
Claude Opus 4.6,PGG,contribution,14,0.0,0.0,0.0,0.0,3,3,72,observed,0
Claude Opus 4.6,PGG,contribution,15,0.0,0.0,0.0,0.0,3,3,72,observed,0
Claude Opus 4.6,PGG,contribution,16,0.0,0.0,0.0,0.0,3,3,72,observed,0
Claude Opus 4.6,PGG,contribution,17,0.0,0.0,0.0,0.0,3,3,72,observed,0
Claude Opus 4.6,PGG,contribution,18,0.0,0.0,0.0,0.0,3,3,72,observed,0
Claude Opus 4.6,PGG,contribution,19,0.0,0.0,0.0,0.0,3,3,72,observed,0
Claude Opus 4.6,PGG,contribution,20,0.0,0.0,0.0,0.0,3,3,72,observed,0
Claude Opus 4.6,PGG,contribution,21,0.0,0.0,0.0,0.0,3,3,72,observed,0
Claude Opus 4.6,PGG,contribution,22,0.0,0.0,0.0,0.0,3,3,72,observed,0
Claude Opus 4.6,PGG,contribution,23,0.0,0.0,0.0,0.0,3,3,72,observed,0
Claude Opus 4.6,PGG,contribution,24,0.0,0.0,0.0,0.0,3,3,72,observed,0
Claude Opus 4.6,PGG,contribution,25,0.0,0.0,0.0,0.0,3,3,72,observed,0
Claude Opus 4.6,PGG,contribution,26,0.0,0.0,0.0,0.0,3,3,72,observed,0
Claude Opus 4.6,PGG,contribution,27,0.0,0.0,0.0,0.0,3,3,72,observed,0
Claude Opus 4.6,PGG,contribution,28,0.0,0.0,0.0,0.0,3,3,72,observed,0
Claude Opus 4.6,PGG,contribution,29,0.0,0.0,0.0,0.0,3,3,72,observed,0
Claude Opus 4.6,PGG,contribution,30,0.0,0.0,0.0,0.0,3,3,72,observed,0
Claude Opus 4.6,TG,sender,1,50.0,0.0,50.0,50.0,3,3,36,observed,0
Claude Opus 4.6,TG,receiver,1,34.25925925925925,1.6037507477489608,30.27532154657764,38.24319697194087,3,3,36,observed,0
Claude Opus 4.6,TG,sender,2,47.77777777777778,1.2729376930432925,44.61562524981966,50.9399303057359,3,3,36,observed,0
Claude Opus 4.6,TG,receiver,2,33.333333333333336,2.083333333333332,28.15804643391762,38.50862023274905,3,3,36,observed,0
Claude Opus 4.6,TG,sender,3,46.111111111111114,3.1549490810001526,38.27378312044371,53.94843910177852,3,3,36,observed,0
Claude Opus 4.6,TG,receiver,3,33.611111111111114,1.3393959390267998,30.28386714805063,36.938355074171604,3,3,36,observed,0
Claude Opus 4.6,TG,sender,4,43.333333333333336,1.6666666666666643,39.19310381380077,47.4735628528659,3,3,36,observed,0
Claude Opus 4.6,TG,receiver,4,27.129629629629633,2.9342503476834856,19.840547685322896,34.41871157393637,3,3,36,observed,0
Claude Opus 4.6,TG,sender,5,36.38888888888889,4.8828877309019285,24.259123334462732,48.51865444331506,3,3,36,observed,0
Claude Opus 4.6,TG,receiver,5,26.01851851851852,0.6851226197661422,24.316579581605353,27.720457455431685,3,3,36,observed,0
Claude Opus 4.6,TG,sender,6,38.33333333333333,5.773502691896258,23.99115756767952,52.675509098987135,3,3,36,observed,0
Claude Opus 4.6,TG,receiver,6,31.62037037037037,2.283585639840465,25.947629164501464,37.293111576239276,3,3,36,observed,0
Claude Opus 4.6,TG,sender,7,39.444444444444436,4.276334532872402,28.821440563407513,50.06744832548136,3,3,36,observed,0
Claude Opus 4.6,TG,receiver,7,30.60185185185185,0.9853609561941126,28.154079540914026,33.04962416278968,3,3,36,observed,0
Claude Opus 4.6,TG,sender,8,35.27777777777778,8.753306253660405,13.533359610829432,57.02219594472612,3,3,36,observed,0
Claude Opus 4.6,TG,receiver,8,32.083333333333336,2.273709103297901,26.435126804350986,37.731539862315685,3,3,36,observed,0
Claude Opus 4.6,TG,sender,9,39.72222222222222,5.02309481111809,27.244162972381005,52.20028147206344,3,3,36,observed,0
Claude Opus 4.6,TG,receiver,9,34.120370370370374,1.4980268229040268,30.399065446427063,37.84167529431368,3,3,36,observed,0
Claude Opus 4.6,TG,sender,10,39.72222222222222,3.1549490810001544,31.884894231554814,47.559550212889626,3,3,36,observed,0
Claude Opus 4.6,TG,receiver,10,30.493827160493833,4.468811801910681,19.392683236790134,41.59497108419753,3,3,36,observed,0
Claude Opus 4.6,TG,sender,11,37.22222222222222,4.738533919231107,25.45105141519801,48.993393029246434,3,3,36,observed,0
Claude Opus 4.6,TG,receiver,11,35.370370370370374,6.179873046236346,20.01871468257552,50.72202605816523,3,3,34,observed,0
Claude Opus 4.6,TG,sender,12,36.666666666666664,1.6666666666666679,32.52643714713408,40.806896186199246,3,3,36,observed,0
Claude Opus 4.6,TG,receiver,12,35.74074074074074,0.5540229855860043,34.36447134908709,37.11701013239439,3,3,34,observed,0
Claude Opus 4.6,TG,sender,13,41.94444444444444,7.4690720331937515,23.39024093523806,60.498647953650824,3,3,36,observed,0
Claude Opus 4.6,TG,receiver,13,31.574074074074076,3.2906214155401523,23.39971732073883,39.74843082740932,3,3,36,observed,0
Claude Opus 4.6,TG,sender,14,36.388888888888886,12.369691154562398,5.660872609516744,67.11690516826103,3,3,36,observed,0
Claude Opus 4.6,TG,receiver,14,34.09090909090909,0.30721022880294097,33.32775657611372,34.854061605704466,3,3,35,observed,0
Claude Opus 4.6,TG,sender,15,27.777777777777782,5.357583756107198,14.468801925535839,41.08675363001973,3,3,36,observed,0
Claude Opus 4.6,TG,receiver,15,31.68350168350169,5.406006753870073,18.25423643640248,45.1127669306009,3,3,34,observed,0
Claude Opus 4.6,TG,sender,16,33.888888888888886,9.141379262169071,11.1804439266037,56.59733385117407,3,3,36,observed,0
Claude Opus 4.6,TG,receiver,16,30.942760942760945,3.366961279198233,22.578765455205133,39.30675643031675,3,3,35,observed,0
Claude Opus 4.6,TG,sender,17,27.5,6.6143782776614755,11.068973480882555,43.931026519117445,3,3,36,observed,0
Claude Opus 4.6,TG,receiver,17,28.93518518518519,3.52551691916591,20.177315652979843,37.69305471739054,3,3,36,observed,0
Claude Opus 4.6,TG,sender,18,30.000000000000004,11.547005383792515,1.3156484686923946,58.68435153130761,3,3,36,observed,0
Claude Opus 4.6,TG,receiver,18,34.07407407407407,3.394500514782105,25.641667332852432,42.5064808152957,3,3,36,observed,0
Claude Opus 4.6,TG,sender,19,31.944444444444443,1.7347216662217753,27.635156934045966,36.25373195484292,3,3,36,observed,0
Claude Opus 4.6,TG,receiver,19,34.44444444444445,2.777777777777775,27.54406191189016,41.34482697699874,3,3,36,observed,0
Claude Opus 4.6,TG,sender,20,30.555555555555557,1.7347216662217768,26.246268045157073,34.86484306595404,3,3,36,observed,0
Claude Opus 4.6,TG,receiver,20,34.70959595959596,1.880380760079526,30.038471201090545,39.38072071810137,3,3,35,observed,0
Claude Opus 4.6,TG,sender,21,24.444444444444446,1.9245008972987518,19.663719189226512,29.22516969966238,3,3,36,observed,0
Claude Opus 4.6,TG,receiver,21,29.629629629629633,1.3981174880131024,26.156513252241687,33.10274600701758,3,3,36,observed,0
Claude Opus 4.6,TG,sender,22,29.166666666666668,1.4433756729740603,25.581122725253227,32.75221060808011,3,3,36,observed,0
Claude Opus 4.6,TG,receiver,22,34.351851851851855,1.5298807075794771,30.551417491721494,38.152286211982215,3,3,36,observed,0
Claude Opus 4.6,TG,sender,23,26.11111111111111,5.023094811118087,13.633051861269903,38.589170360952316,3,3,36,observed,0
Claude Opus 4.6,TG,receiver,23,30.024691358024693,3.2245805191470613,22.014389285935287,38.0349934301141,3,3,34,observed,0
Claude Opus 4.6,TG,sender,24,29.444444444444443,7.8763593770876765,9.878483084765072,49.01040580412381,3,3,36,observed,0
Claude Opus 4.6,TG,receiver,24,31.161616161616166,0.6328264689970557,29.58958806500626,32.73364425822607,3,3,35,observed,0
Claude Opus 4.6,TG,sender,25,21.111111111111114,18.954135676924427,-25.973572116985736,68.19579433920796,3,3,36,observed,0
Claude Opus 4.6,TG,receiver,25,35.0,1.5713484026367668,20.88199473729772,49.11800526270228,2,3,24,observed,0
Claude Opus 4.6,TG,sender,26,14.166666666666666,12.33220715579062,-16.46823419777045,44.801567531103785,3,3,36,observed,0
Claude Opus 4.6,TG,receiver,26,31.73611111111111,2.258813328790354,11.441478545976572,52.03074367624565,2,3,24,observed,0
Claude Opus 4.6,TG,sender,27,23.888888888888886,26.05194241709634,-40.82772373296618,88.60550151074395,3,3,36,observed,0
Claude Opus 4.6,TG,receiver,27,24.444444444444443,10.213764617139027,-67.32258976312075,116.21147865200963,2,3,24,observed,0
Claude Opus 4.6,TG,sender,28,19.166666666666668,17.46027236646414,-24.207054375761576,62.540387709094915,3,3,36,observed,0
Claude Opus 4.6,TG,receiver,28,31.641414141414142,0.8213866650146746,24.261547754092486,39.021280528735794,2,3,23,observed,0
Claude Opus 4.6,TG,sender,29,13.611111111111114,11.794929858645638,-15.689118957837408,42.91134118005964,3,3,36,observed,0
Claude Opus 4.6,TG,receiver,29,33.47222222222222,0.5892556509887863,28.177970248708878,38.76647419573556,2,3,24,observed,0
Claude Opus 4.6,TG,sender,30,17.5,15.433549314543445,-20.839061877940715,55.839061877940715,3,3,36,observed,0
Claude Opus 4.6,TG,receiver,30,30.32828282828283,5.963981437280475,-23.255964418791905,83.91253007535757,2,3,23,observed,0
Kimi K2.6,PD,cooperation,1,0.0,0.0,0.0,0.0,3,3,72,observed,0
Kimi K2.6,PD,cooperation,2,0.0,0.0,0.0,0.0,3,3,72,observed,0
Kimi K2.6,PD,cooperation,3,0.0,0.0,0.0,0.0,3,3,72,observed,0
Kimi K2.6,PD,cooperation,4,0.0,0.0,0.0,0.0,3,3,72,observed,0
Kimi K2.6,PD,cooperation,5,0.0,0.0,0.0,0.0,3,3,72,observed,0
Kimi K2.6,PD,cooperation,6,0.0,0.0,0.0,0.0,3,3,72,observed,0
Kimi K2.6,PD,cooperation,7,0.0,0.0,0.0,0.0,3,3,72,observed,0
Kimi K2.6,PD,cooperation,8,0.0,0.0,0.0,0.0,3,3,72,observed,0
Kimi K2.6,PD,cooperation,9,0.0,0.0,0.0,0.0,3,3,72,observed,0
Kimi K2.6,PD,cooperation,10,0.0,0.0,0.0,0.0,3,3,72,observed,0
Kimi K2.6,PGG,contribution,1,0.0,0.0,0.0,0.0,3,3,72,observed,0
Kimi K2.6,PGG,contribution,2,0.0,0.0,0.0,0.0,3,3,72,observed,0
Kimi K2.6,PGG,contribution,3,0.0,0.0,0.0,0.0,3,3,72,observed,0
Kimi K2.6,PGG,contribution,4,0.0,0.0,0.0,0.0,3,3,72,observed,0
Kimi K2.6,PGG,contribution,5,0.0,0.0,0.0,0.0,3,3,72,observed,0
Kimi K2.6,PGG,contribution,6,0.0,0.0,0.0,0.0,3,3,72,observed,0
Kimi K2.6,PGG,contribution,7,0.0,0.0,0.0,0.0,3,3,72,observed,0
Kimi K2.6,PGG,contribution,8,0.0,0.0,0.0,0.0,3,3,72,observed,0
Kimi K2.6,PGG,contribution,9,0.0,0.0,0.0,0.0,3,3,72,observed,0
Kimi K2.6,PGG,contribution,10,0.0,0.0,0.0,0.0,3,3,72,observed,0
Kimi K2.6,PGG,contribution,11,0.0,0.0,0.0,0.0,3,3,72,observed,0
Kimi K2.6,PGG,contribution,12,0.0,0.0,0.0,0.0,3,3,72,observed,0
Kimi K2.6,PGG,contribution,13,0.0,0.0,0.0,0.0,3,3,72,observed,0
Kimi K2.6,PGG,contribution,14,0.0,0.0,0.0,0.0,3,3,72,observed,0
Kimi K2.6,PGG,contribution,15,0.0,0.0,0.0,0.0,3,3,72,observed,0
Kimi K2.6,PGG,contribution,16,0.0,0.0,0.0,0.0,3,3,72,observed,0
Kimi K2.6,PGG,contribution,17,0.0,0.0,0.0,0.0,3,3,72,observed,0
Kimi K2.6,PGG,contribution,18,0.0,0.0,0.0,0.0,3,3,72,observed,0
Kimi K2.6,PGG,contribution,19,0.0,0.0,0.0,0.0,3,3,72,observed,0
Kimi K2.6,PGG,contribution,20,0.0,0.0,0.0,0.0,3,3,72,observed,0
Kimi K2.6,PGG,contribution,21,0.0,0.0,0.0,0.0,3,3,72,observed,0
Kimi K2.6,PGG,contribution,22,0.0,0.0,0.0,0.0,3,3,72,observed,0
Kimi K2.6,PGG,contribution,23,0.0,0.0,0.0,0.0,3,3,72,observed,0
Kimi K2.6,PGG,contribution,24,0.0,0.0,0.0,0.0,3,3,72,observed,0
Kimi K2.6,PGG,contribution,25,0.0,0.0,0.0,0.0,3,3,72,observed,0
Kimi K2.6,PGG,contribution,26,0.0,0.0,0.0,0.0,3,3,72,observed,0
Kimi K2.6,PGG,contribution,27,0.0,0.0,0.0,0.0,3,3,72,observed,0
Kimi K2.6,PGG,contribution,28,0.0,0.0,0.0,0.0,3,3,72,observed,0
Kimi K2.6,PGG,contribution,29,0.0,0.0,0.0,0.0,3,3,72,observed,0
Kimi K2.6,PGG,contribution,30,0.0,0.0,0.0,0.0,3,3,72,observed,0
Kimi K2.6,TG,sender,1,37.77777777777778,2.9265704869035396,30.507773665255264,45.04778189030029,3,3,36,observed,0
Kimi K2.6,TG,receiver,1,30.98544973544973,8.405215612457276,10.105736657410713,51.86516281348875,3,3,25,observed,0
Kimi K2.6,TG,sender,2,29.444444444444443,11.375330683024043,1.1865565114639622,57.70233237742492,3,3,36,observed,0
Kimi K2.6,TG,receiver,2,20.666666666666668,16.825905952165286,-21.131200842953493,62.46453417628683,3,3,22,observed,0
Kimi K2.6,TG,sender,3,32.77777777777778,6.787106512705899,15.917670536107721,49.637885019447836,3,3,36,observed,0
Kimi K2.6,TG,receiver,3,23.209876543209877,12.335798515354861,-7.4339457529571185,53.853698839376875,3,3,24,observed,0
Kimi K2.6,TG,sender,4,27.222222222222218,1.2729376930432867,24.060069694264108,30.384374750180328,3,3,36,observed,0
Kimi K2.6,TG,receiver,4,24.325396825396826,7.315699784770553,6.152191102429732,42.49860254836392,3,3,22,observed,0
Kimi K2.6,TG,sender,5,29.166666666666668,2.204792759220491,23.689657826960854,34.64367550637248,3,3,36,observed,0
Kimi K2.6,TG,receiver,5,19.62962962962963,5.480980958129163,6.014118134324248,33.24514112493501,3,3,20,observed,0
Kimi K2.6,TG,sender,6,31.944444444444443,5.672382737961703,17.853464569766807,46.03542431912208,3,3,36,observed,0
Kimi K2.6,TG,receiver,6,31.080246913580243,14.709210804371038,-5.459458355190446,67.61995218235093,3,3,23,observed,0
Kimi K2.6,TG,sender,7,15.555555555555557,5.548606765399492,1.7720522421244738,29.33905886898664,3,3,36,observed,0
Kimi K2.6,TG,receiver,7,15.185185185185185,12.188505682892098,-15.092741431195067,45.46311180156544,3,3,14,observed,0
Kimi K2.6,TG,sender,8,23.888888888888886,4.276334532872403,13.265885007851962,34.51189276992581,3,3,36,observed,0
Kimi K2.6,TG,receiver,8,12.317460317460316,7.595996877060403,-6.552041982949326,31.18696261786996,3,3,17,observed,0
Kimi K2.6,TG,sender,9,23.61111111111111,6.254627916220946,8.073754031652818,39.1484681905694,3,3,36,observed,0
Kimi K2.6,TG,receiver,9,28.53968253968254,9.126142128172942,5.869088716575661,51.21027636278942,3,3,17,observed,0
Kimi K2.6,TG,sender,10,24.444444444444443,4.811252243246882,12.492631306399602,36.396257582489284,3,3,36,observed,0
Kimi K2.6,TG,receiver,10,15.833333333333334,2.2047927592204912,10.356324493627518,21.31034217303915,3,3,20,observed,0
Kimi K2.6,TG,sender,11,26.666666666666668,2.2047927592204903,21.189657826960854,32.14367550637248,3,3,36,observed,0
Kimi K2.6,TG,receiver,11,17.936507936507937,6.672333192693238,1.3615134273805864,34.51150244563529,3,3,19,observed,0
Kimi K2.6,TG,sender,12,21.388888888888886,5.5486067653994935,7.605385575457797,35.172392202319976,3,3,36,observed,0
Kimi K2.6,TG,receiver,12,20.37037037037037,6.119522830317892,5.168632929848965,35.57210781089178,3,3,16,observed,0
Kimi K2.6,TG,sender,13,30.0,8.33333333333333,9.298852402337126,50.701147597662874,3,3,36,observed,0
Kimi K2.6,TG,receiver,13,26.89594356261023,11.855197625502255,-2.553999938787932,56.345887064008394,3,3,22,observed,0
Kimi K2.6,TG,sender,14,19.444444444444443,10.419444074172807,-6.438889515360973,45.327778404249855,3,3,36,observed,0
Kimi K2.6,TG,receiver,14,15.224867724867726,8.397741770942467,-5.636279301612939,36.086014751348394,3,3,16,observed,0
Kimi K2.6,TG,sender,15,19.999999999999996,7.12000312109794,2.3129317393197333,37.68706826068026,3,3,36,observed,0
Kimi K2.6,TG,receiver,15,17.476190476190478,7.851657536921583,-2.0284081107834275,36.98078906316438,3,3,16,observed,0
Kimi K2.6,TG,sender,16,21.11111111111111,9.47706783846221,-2.4312305029373036,44.653452725159525,3,3,36,observed,0
Kimi K2.6,TG,receiver,16,31.48148148148148,16.266808337776116,-8.927510559702107,71.89047352266508,3,3,14,observed,0
Kimi K2.6,TG,sender,17,21.11111111111111,10.875984416917715,-5.906331931028301,48.12855415325052,3,3,36,observed,0
Kimi K2.6,TG,receiver,17,35.44973544973545,17.57920085439314,-8.219420334555004,79.11889123402591,3,3,15,observed,0
Kimi K2.6,TG,sender,18,26.944444444444446,14.345279259639286,-8.691204749573753,62.58009363846264,3,3,36,observed,0
Kimi K2.6,TG,receiver,18,17.696145124716555,15.373074029757616,-20.4926878176607,55.88497806709381,3,3,15,observed,0
Kimi K2.6,TG,sender,19,25.277777777777775,10.875984416917719,-1.7396652643616441,52.29522081991719,3,3,36,observed,0
Kimi K2.6,TG,receiver,19,9.761904761904761,10.548989484226533,-16.44323783639529,35.96704736020481,3,3,17,observed,0
Kimi K2.6,TG,sender,20,25.277777777777775,11.375330683024039,-2.9801101552026985,53.53566571075825,3,3,36,observed,0
Kimi K2.6,TG,receiver,20,12.5,13.919410907075056,-22.077733559185518,47.07773355918552,3,3,17,observed,0
Kimi K2.6,TG,sender,21,19.722222222222218,7.515416254704822,1.0528932846399037,38.391551159804536,3,3,36,observed,0
Kimi K2.6,TG,receiver,21,19.555555555555554,12.388764324236757,-11.219841103886687,50.330952214997794,3,3,13,observed,0
Kimi K2.6,TG,sender,22,18.888888888888886,12.945755775256714,-13.270151239137427,51.0479290169152,3,3,36,observed,0
Kimi K2.6,TG,receiver,22,25.925925925925924,15.80488021729768,-13.335573051073446,65.1874249029253,3,3,12,observed,0
Kimi K2.6,TG,sender,23,18.88888888888889,11.065880159467826,-8.600281328614237,46.378059106392016,3,3,36,observed,0
Kimi K2.6,TG,receiver,23,8.888888888888888,8.38870492807861,-11.949809375438788,29.72758715321656,3,3,10,observed,0
Kimi K2.6,TG,sender,24,18.88888888888889,1.2729376930432887,15.726736360930776,22.051041416847003,3,3,36,observed,0
Kimi K2.6,TG,receiver,24,12.33333333333333,12.67981773440682,-19.165080078436944,43.8317467451036,3,3,14,observed,0
Kimi K2.6,TG,sender,25,20.833333333333332,8.036375634160796,0.8698695549704212,40.79679711169624,3,3,36,observed,0
Kimi K2.6,TG,receiver,25,14.523809523809524,12.982196076395795,-17.72575333050279,46.77337237812184,3,3,15,observed,0
Kimi K2.6,TG,sender,26,16.666666666666664,15.023130314433287,-20.65285789549418,53.98619122882751,3,3,36,observed,0
Kimi K2.6,TG,receiver,26,9.047619047619047,15.67093587800413,-29.881143744869863,47.97638184010796,3,3,10,observed,0
Kimi K2.6,TG,sender,27,25.555555555555554,16.166093918834957,-14.603247999422383,65.7143591105335,3,3,36,observed,0
Kimi K2.6,TG,receiver,27,23.44444444444444,10.956141521404193,-3.772119883812074,50.66100877270095,3,3,16,observed,0
Kimi K2.6,TG,sender,28,24.722222222222218,8.00751961411087,4.830440771475459,44.61400367296898,3,3,36,observed,0
Kimi K2.6,TG,receiver,28,15.481481481481481,7.731076724823191,-3.7235777628490396,34.686540725812,3,3,16,observed,0
Kimi K2.6,TG,sender,29,11.666666666666666,5.464532103585,-1.907983608750973,25.241316942084303,3,3,36,observed,0
Kimi K2.6,TG,receiver,29,19.38271604938271,4.292676210052768,8.719117191789296,30.04631490697613,3,3,9,observed,0
Kimi K2.6,TG,sender,30,14.722222222222223,7.920320794101808,-4.952945351322578,34.397389795767026,3,3,36,observed,0
Kimi K2.6,TG,receiver,30,2.7777777777777772,4.811252243246881,-9.17403536026706,14.729590915822614,3,3,10,observed,0
Grok 4.3,PD,cooperation,1,0.0,0.0,0.0,0.0,3,3,72,observed,0
Grok 4.3,PD,cooperation,2,0.0,0.0,0.0,0.0,3,3,72,observed,0
Grok 4.3,PD,cooperation,3,0.0,0.0,0.0,0.0,3,3,72,observed,0
Grok 4.3,PD,cooperation,4,0.0,0.0,0.0,0.0,3,3,72,observed,0
Grok 4.3,PD,cooperation,5,0.0,0.0,0.0,0.0,3,3,72,observed,0
Grok 4.3,PD,cooperation,6,0.0,0.0,0.0,0.0,3,3,72,observed,0
Grok 4.3,PD,cooperation,7,0.0,0.0,0.0,0.0,3,3,72,observed,0
Grok 4.3,PD,cooperation,8,0.0,0.0,0.0,0.0,3,3,72,observed,0
Grok 4.3,PD,cooperation,9,0.0,0.0,0.0,0.0,3,3,72,observed,0
Grok 4.3,PD,cooperation,10,0.0,0.0,0.0,0.0,3,3,72,observed,0
Grok 4.3,PGG,contribution,1,0.0,0.0,0.0,0.0,3,3,72,observed,0
Grok 4.3,PGG,contribution,2,0.0,0.0,0.0,0.0,3,3,72,observed,0
Grok 4.3,PGG,contribution,3,0.0,0.0,0.0,0.0,3,3,72,observed,0
Grok 4.3,PGG,contribution,4,0.0,0.0,0.0,0.0,3,3,72,observed,0
Grok 4.3,PGG,contribution,5,0.0,0.0,0.0,0.0,3,3,72,observed,0
Grok 4.3,PGG,contribution,6,0.0,0.0,0.0,0.0,3,3,72,observed,0
Grok 4.3,PGG,contribution,7,0.0,0.0,0.0,0.0,3,3,72,observed,0
Grok 4.3,PGG,contribution,8,0.0,0.0,0.0,0.0,3,3,72,observed,0
Grok 4.3,PGG,contribution,9,0.0,0.0,0.0,0.0,3,3,72,observed,0
Grok 4.3,PGG,contribution,10,0.0,0.0,0.0,0.0,3,3,72,observed,0
Grok 4.3,PGG,contribution,11,0.0,0.0,0.0,0.0,3,3,72,observed,0
Grok 4.3,PGG,contribution,12,0.0,0.0,0.0,0.0,3,3,72,observed,0
Grok 4.3,PGG,contribution,13,0.0,0.0,0.0,0.0,3,3,72,observed,0
Grok 4.3,PGG,contribution,14,0.0,0.0,0.0,0.0,3,3,72,observed,0
Grok 4.3,PGG,contribution,15,0.0,0.0,0.0,0.0,3,3,72,observed,0
Grok 4.3,PGG,contribution,16,0.0,0.0,0.0,0.0,3,3,72,observed,0
Grok 4.3,PGG,contribution,17,0.0,0.0,0.0,0.0,3,3,72,observed,0
Grok 4.3,PGG,contribution,18,0.0,0.0,0.0,0.0,3,3,72,observed,0
Grok 4.3,PGG,contribution,19,0.0,0.0,0.0,0.0,3,3,72,observed,0
Grok 4.3,PGG,contribution,20,0.0,0.0,0.0,0.0,3,3,72,observed,0
Grok 4.3,PGG,contribution,21,0.0,0.0,0.0,0.0,3,3,72,observed,0
Grok 4.3,PGG,contribution,22,0.0,0.0,0.0,0.0,3,3,72,observed,0
Grok 4.3,PGG,contribution,23,0.0,0.0,0.0,0.0,3,3,72,observed,0
Grok 4.3,PGG,contribution,24,0.0,0.0,0.0,0.0,3,3,72,observed,0
Grok 4.3,PGG,contribution,25,0.0,0.0,0.0,0.0,3,3,72,observed,0
Grok 4.3,PGG,contribution,26,0.0,0.0,0.0,0.0,3,3,72,observed,0
Grok 4.3,PGG,contribution,27,0.0,0.0,0.0,0.0,3,3,72,observed,0
Grok 4.3,PGG,contribution,28,0.0,0.0,0.0,0.0,3,3,72,observed,0
Grok 4.3,PGG,contribution,29,0.0,0.0,0.0,0.0,3,3,72,observed,0
Grok 4.3,PGG,contribution,30,0.0,0.0,0.0,0.0,3,3,72,observed,0
Grok 4.3,TG,sender,1,21.11111111111111,9.730155493409441,-3.0599350909623872,45.28215731318461,3,3,36,observed,0
Grok 4.3,TG,receiver,1,0.0,0.0,0.0,0.0,3,3,15,observed,0
Grok 4.3,TG,sender,2,4.166666666666666,0.0,4.166666666666666,4.166666666666666,3,3,36,observed,0
Grok 4.3,TG,receiver,2,0.0,0.0,0.0,0.0,3,3,3,observed,0
Grok 4.3,TG,sender,3,12.222222222222223,7.469072033193752,-6.331981286984158,30.776425731428603,3,3,36,observed,0
Grok 4.3,TG,receiver,3,0.0,0.0,0.0,0.0,3,3,9,observed,0
Grok 4.3,TG,sender,4,12.222222222222221,3.7577081273524118,2.887557753431061,21.556886691013382,3,3,36,observed,0
Grok 4.3,TG,receiver,4,0.0,0.0,0.0,0.0,3,3,9,observed,0
Grok 4.3,TG,sender,5,11.388888888888891,4.276334532872403,0.765885007851967,22.011892769925815,3,3,36,observed,0
Grok 4.3,TG,receiver,5,0.0,0.0,0.0,0.0,3,3,9,observed,0
Grok 4.3,TG,sender,6,5.5555555555555545,4.811252243246881,-6.396257582489283,17.50736869360039,3,3,36,observed,0
Grok 4.3,TG,receiver,6,0.0,0.0,0.0,0.0,2,3,4,observed,0
Grok 4.3,TG,sender,7,13.611111111111109,5.912165737164657,-1.075522754515804,28.297744976738024,3,3,36,observed,0
Grok 4.3,TG,receiver,7,0.0,0.0,0.0,0.0,3,3,10,observed,0
Grok 4.3,TG,sender,8,4.999999999999999,3.0046260628866572,-2.46390491243217,12.463904912432168,3,3,36,observed,0
Grok 4.3,TG,receiver,8,0.0,0.0,0.0,0.0,3,3,4,observed,0
Grok 4.3,TG,sender,9,4.166666666666666,4.166666666666666,-6.183907132164773,14.517240465498105,3,3,36,observed,0
Grok 4.3,TG,receiver,9,0.0,0.0,0.0,0.0,2,3,3,observed,0
Grok 4.3,TG,sender,10,11.111111111111109,6.364688465216444,-4.699651528679455,26.921873750901675,3,3,36,observed,0
Grok 4.3,TG,receiver,10,0.0,0.0,0.0,0.0,3,3,8,observed,0
Grok 4.3,TG,sender,11,9.722222222222221,6.364688465216444,-6.088540417568343,25.532984862012785,3,3,36,observed,0
Grok 4.3,TG,receiver,11,0.0,0.0,0.0,0.0,3,3,7,observed,0
Grok 4.3,TG,sender,12,12.5,4.166666666666666,2.149426201168561,22.85057379883144,3,3,36,observed,0
Grok 4.3,TG,receiver,12,0.0,0.0,0.0,0.0,3,3,9,observed,0
Grok 4.3,TG,sender,13,6.944444444444444,4.811252243246882,-5.007368693600397,18.896257582489284,3,3,36,observed,0
Grok 4.3,TG,receiver,13,0.0,0.0,0.0,0.0,3,3,5,observed,0
Grok 4.3,TG,sender,14,5.5555555555555545,4.811252243246881,-6.396257582489283,17.50736869360039,3,3,36,observed,0
Grok 4.3,TG,receiver,14,0.0,0.0,0.0,0.0,2,3,4,observed,0
Grok 4.3,TG,sender,15,7.777777777777779,4.276334532872403,-2.8452261032591455,18.4007816588147,3,3,36,observed,0
Grok 4.3,TG,receiver,15,0.0,0.0,0.0,0.0,3,3,6,observed,0
Grok 4.3,TG,sender,16,5.0,4.409585518440984,-5.954017679411633,15.954017679411633,3,3,36,observed,0
Grok 4.3,TG,receiver,16,8.333333333333332,11.78511301977579,-97.5517061369341,114.21837280360076,2,3,4,observed,0
Grok 4.3,TG,sender,17,5.5555555555555545,2.4056261216234405,-0.4203510134668642,11.531462124577974,3,3,36,observed,0
Grok 4.3,TG,receiver,17,0.0,0.0,0.0,0.0,3,3,4,observed,0
Grok 4.3,TG,sender,18,2.7777777777777772,2.4056261216234405,-3.1981287912446414,8.753684346800195,3,3,36,observed,0
Grok 4.3,TG,receiver,18,0.0,0.0,0.0,0.0,2,3,2,observed,0
Grok 4.3,TG,sender,19,6.388888888888888,5.672382737961705,-7.702090985788753,20.47986876356653,3,3,36,observed,0
Grok 4.3,TG,receiver,19,0.0,0.0,0.0,0.0,2,3,5,observed,0
Grok 4.3,TG,sender,20,2.222222222222222,2.0971762320196525,-2.987452343859697,7.43189678830414,3,3,36,observed,0
Grok 4.3,TG,receiver,20,0.0,0.0,0.0,0.0,2,3,2,observed,0
Grok 4.3,TG,sender,21,6.111111111111111,5.672382737961705,-7.979868763566531,20.20209098578875,3,3,36,observed,0
Grok 4.3,TG,receiver,21,11.111111111111109,19.245008972987524,-36.69614144106824,58.91836366329046,3,3,5,observed,0
Grok 4.3,TG,sender,22,8.611111111111112,4.194352464039306,-1.808238021052727,19.030460243274952,3,3,36,observed,0
Grok 4.3,TG,receiver,22,5.5555555555555545,9.622504486493762,-18.34807072053412,29.45918183164523,3,3,8,observed,0
Grok 4.3,TG,sender,23,3.6111111111111107,4.2763345328724025,-7.011892769925812,14.234114992148033,3,3,36,observed,0
Grok 4.3,TG,receiver,23,0.0,0.0,0.0,0.0,2,3,3,observed,0
Grok 4.3,TG,sender,24,4.166666666666666,4.166666666666666,-6.183907132164773,14.517240465498105,3,3,36,observed,0
Grok 4.3,TG,receiver,24,0.0,0.0,0.0,0.0,2,3,3,observed,0
Grok 4.3,TG,sender,25,9.722222222222221,9.622504486493764,-14.18140405386746,33.6258484983119,3,3,36,observed,0
Grok 4.3,TG,receiver,25,0.0,0.0,0.0,0.0,3,3,7,observed,0
Grok 4.3,TG,sender,26,5.5555555555555545,4.811252243246881,-6.396257582489283,17.50736869360039,3,3,36,observed,0
Grok 4.3,TG,receiver,26,0.0,0.0,0.0,0.0,2,3,4,observed,0
Grok 4.3,TG,sender,27,5.0,5.464532103585001,-8.57465027541764,18.57465027541764,3,3,36,observed,0
Grok 4.3,TG,receiver,27,0.0,0.0,0.0,0.0,2,3,4,observed,0
Grok 4.3,TG,sender,28,5.0,1.443375672974065,1.4144560585865467,8.585543941413453,3,3,36,observed,0
Grok 4.3,TG,receiver,28,0.0,0.0,0.0,0.0,3,3,4,observed,0
Grok 4.3,TG,sender,29,3.0555555555555554,2.6787918780535986,-3.5989323705654153,9.710043481676525,3,3,36,observed,0
Grok 4.3,TG,receiver,29,0.0,0.0,0.0,0.0,2,3,2,observed,0
Grok 4.3,TG,sender,30,6.388888888888888,5.357583756107197,-6.920086963353053,19.69786474113083,3,3,36,observed,0
Grok 4.3,TG,receiver,30,0.0,0.0,0.0,0.0,3,3,5,observed,0
DeepSeek V4 Pro,PD,cooperation,1,0.0,0.0,0.0,0.0,3,3,72,observed,0
DeepSeek V4 Pro,PD,cooperation,2,0.0,0.0,0.0,0.0,3,3,72,observed,0
DeepSeek V4 Pro,PD,cooperation,3,0.0,0.0,0.0,0.0,3,3,72,observed,0
DeepSeek V4 Pro,PD,cooperation,4,0.0,0.0,0.0,0.0,3,3,72,observed,0
DeepSeek V4 Pro,PD,cooperation,5,0.0,0.0,0.0,0.0,3,3,72,observed,0
DeepSeek V4 Pro,PD,cooperation,6,0.0,0.0,0.0,0.0,3,3,72,observed,0
DeepSeek V4 Pro,PD,cooperation,7,0.0,0.0,0.0,0.0,3,3,72,observed,0
DeepSeek V4 Pro,PD,cooperation,8,0.0,0.0,0.0,0.0,3,3,72,observed,0
DeepSeek V4 Pro,PD,cooperation,9,0.0,0.0,0.0,0.0,3,3,72,observed,0
DeepSeek V4 Pro,PD,cooperation,10,1.3888888888888886,2.4056261216234405,-4.58701768013353,7.364795457911307,3,3,72,observed,0
DeepSeek V4 Pro,PGG,contribution,1,0.0,0.0,0.0,0.0,3,3,72,observed,0
DeepSeek V4 Pro,PGG,contribution,2,0.0,0.0,0.0,0.0,3,3,72,observed,0
DeepSeek V4 Pro,PGG,contribution,3,0.0,0.0,0.0,0.0,3,3,72,observed,0
DeepSeek V4 Pro,PGG,contribution,4,0.0,0.0,0.0,0.0,3,3,72,observed,0
DeepSeek V4 Pro,PGG,contribution,5,0.0,0.0,0.0,0.0,3,3,72,observed,0
DeepSeek V4 Pro,PGG,contribution,6,0.0,0.0,0.0,0.0,3,3,72,observed,0
DeepSeek V4 Pro,PGG,contribution,7,0.0,0.0,0.0,0.0,3,3,72,observed,0
DeepSeek V4 Pro,PGG,contribution,8,0.0,0.0,0.0,0.0,3,3,72,observed,0
DeepSeek V4 Pro,PGG,contribution,9,0.0,0.0,0.0,0.0,3,3,72,observed,0
DeepSeek V4 Pro,PGG,contribution,10,0.0,0.0,0.0,0.0,3,3,72,observed,0
DeepSeek V4 Pro,PGG,contribution,11,0.0,0.0,0.0,0.0,3,3,72,observed,0
DeepSeek V4 Pro,PGG,contribution,12,0.0,0.0,0.0,0.0,3,3,72,observed,0
DeepSeek V4 Pro,PGG,contribution,13,0.0,0.0,0.0,0.0,3,3,72,observed,0
DeepSeek V4 Pro,PGG,contribution,14,0.0,0.0,0.0,0.0,3,3,72,observed,0
DeepSeek V4 Pro,PGG,contribution,15,0.0,0.0,0.0,0.0,3,3,72,observed,0
DeepSeek V4 Pro,PGG,contribution,16,0.0,0.0,0.0,0.0,3,3,72,observed,0
DeepSeek V4 Pro,PGG,contribution,17,0.0,0.0,0.0,0.0,3,3,72,observed,0
DeepSeek V4 Pro,PGG,contribution,18,0.0,0.0,0.0,0.0,3,3,72,observed,0
DeepSeek V4 Pro,PGG,contribution,19,0.0,0.0,0.0,0.0,3,3,72,observed,0
DeepSeek V4 Pro,PGG,contribution,20,0.0,0.0,0.0,0.0,3,3,72,observed,0
DeepSeek V4 Pro,PGG,contribution,21,0.0,0.0,0.0,0.0,3,3,72,observed,0
DeepSeek V4 Pro,PGG,contribution,22,0.0,0.0,0.0,0.0,3,3,72,observed,0
DeepSeek V4 Pro,PGG,contribution,23,0.0,0.0,0.0,0.0,3,3,72,observed,0
DeepSeek V4 Pro,PGG,contribution,24,0.0,0.0,0.0,0.0,3,3,72,observed,0
DeepSeek V4 Pro,PGG,contribution,25,0.0,0.0,0.0,0.0,3,3,72,observed,0
DeepSeek V4 Pro,PGG,contribution,26,0.0,0.0,0.0,0.0,3,3,72,observed,0
DeepSeek V4 Pro,PGG,contribution,27,0.0,0.0,0.0,0.0,3,3,72,observed,0
DeepSeek V4 Pro,PGG,contribution,28,0.0,0.0,0.0,0.0,3,3,72,observed,0
DeepSeek V4 Pro,PGG,contribution,29,0.0,0.0,0.0,0.0,3,3,72,observed,0
DeepSeek V4 Pro,PGG,contribution,30,0.0,0.0,0.0,0.0,3,3,72,observed,0
DeepSeek V4 Pro,TG,sender,1,50.0,0.0,50.0,50.0,3,3,36,observed,0
DeepSeek V4 Pro,TG,receiver,1,0.0,0.0,0.0,0.0,3,3,36,observed,0
DeepSeek V4 Pro,TG,sender,2,48.61111111111111,2.4056261216234436,42.63520454208868,54.587017680133535,3,3,36,observed,0
DeepSeek V4 Pro,TG,receiver,2,0.0,0.0,0.0,0.0,3,3,34,observed,0
DeepSeek V4 Pro,TG,sender,3,48.05555555555555,2.097176232019655,42.84588098947363,53.26523012163747,3,3,36,observed,0
DeepSeek V4 Pro,TG,receiver,3,0.0,0.0,0.0,0.0,3,3,34,observed,0
DeepSeek V4 Pro,TG,sender,4,47.77777777777777,7.1847317535430895,29.92991468021248,65.62564087534307,3,3,36,observed,0
DeepSeek V4 Pro,TG,receiver,4,0.0,0.0,0.0,0.0,3,3,33,observed,0
DeepSeek V4 Pro,TG,sender,5,47.5,6.009252125773315,32.57219017513566,62.42780982486434,3,3,36,observed,0
DeepSeek V4 Pro,TG,receiver,5,3.3333333333333335,5.773502691896257,-11.00884243232047,17.67550909898714,3,3,29,observed,0
DeepSeek V4 Pro,TG,sender,6,51.666666666666664,9.01387818865997,29.274951929370165,74.05838140396317,3,3,36,observed,0
DeepSeek V4 Pro,TG,receiver,6,3.3333333333333335,5.773502691896257,-11.00884243232047,17.67550909898714,3,3,32,observed,0
DeepSeek V4 Pro,TG,sender,7,43.05555555555555,4.811252243246878,31.103742417510716,55.007368693600384,3,3,36,observed,0
DeepSeek V4 Pro,TG,receiver,7,0.0,0.0,0.0,0.0,3,3,30,observed,0
DeepSeek V4 Pro,TG,sender,8,45.833333333333336,8.333333333333332,25.132185735670458,66.53448093099621,3,3,36,observed,0
DeepSeek V4 Pro,TG,receiver,8,0.0,0.0,0.0,0.0,3,3,28,observed,0
DeepSeek V4 Pro,TG,sender,9,54.166666666666664,11.023963796102459,26.781622468137584,81.55171086519574,3,3,36,observed,0
DeepSeek V4 Pro,TG,receiver,9,2.7777777777777772,4.811252243246881,-9.17403536026706,14.729590915822614,3,3,32,observed,0
DeepSeek V4 Pro,TG,sender,10,43.888888888888886,9.17928424547684,21.086282728106774,66.691495049671,3,3,36,observed,0
DeepSeek V4 Pro,TG,receiver,10,0.0,0.0,0.0,0.0,3,3,29,observed,0
DeepSeek V4 Pro,TG,sender,11,44.72222222222222,6.735753140545631,27.989683828959453,61.454760615484986,3,3,36,observed,0
DeepSeek V4 Pro,TG,receiver,11,0.0,0.0,0.0,0.0,3,3,27,observed,0
DeepSeek V4 Pro,TG,sender,12,42.49999999999999,8.036375634160798,22.53653622163707,62.463463778362915,3,3,36,observed,0
DeepSeek V4 Pro,TG,receiver,12,3.3333333333333335,5.773502691896257,-11.00884243232047,17.67550909898714,3,3,28,observed,0
DeepSeek V4 Pro,TG,sender,13,42.5,11.577036657874837,13.741046648213501,71.2589533517865,3,3,36,observed,0
DeepSeek V4 Pro,TG,receiver,13,0.0,0.0,0.0,0.0,3,3,29,observed,0
DeepSeek V4 Pro,TG,sender,14,35.55555555555556,11.065880159467827,8.066385338052427,63.04472577305869,3,3,36,observed,0
DeepSeek V4 Pro,TG,receiver,14,0.0,0.0,0.0,0.0,3,3,24,observed,0
DeepSeek V4 Pro,TG,sender,15,31.388888888888886,5.672382737961705,17.297909014211243,45.47986876356653,3,3,36,observed,0
DeepSeek V4 Pro,TG,receiver,15,0.0,0.0,0.0,0.0,3,3,20,observed,0
DeepSeek V4 Pro,TG,sender,16,48.61111111111111,2.4056261216234436,42.63520454208868,54.587017680133535,3,3,36,observed,0
DeepSeek V4 Pro,TG,receiver,16,3.3333333333333335,5.773502691896257,-11.00884243232047,17.67550909898714,3,3,28,observed,0
DeepSeek V4 Pro,TG,sender,17,48.61111111111111,13.393959390267995,15.33867148050625,81.88355074171596,3,3,36,observed,0
DeepSeek V4 Pro,TG,receiver,17,4.166666666666667,7.216878364870322,-13.76105304040059,22.094386373733926,3,3,24,observed,0
DeepSeek V4 Pro,TG,sender,18,41.666666666666664,7.216878364870322,23.738946959599406,59.594386373733926,3,3,36,observed,0
DeepSeek V4 Pro,TG,receiver,18,5.5555555555555545,9.622504486493762,-18.34807072053412,29.45918183164523,3,3,23,observed,0
DeepSeek V4 Pro,TG,sender,19,36.111111111111114,6.364688465216446,20.300348471320547,51.92187375090168,3,3,36,observed,0
DeepSeek V4 Pro,TG,receiver,19,8.928571428571429,7.783748113465488,-10.40733079861406,28.264473655756916,3,3,22,observed,0
DeepSeek V4 Pro,TG,sender,20,43.611111111111114,7.280745790045089,25.524735924616788,61.69748629760544,3,3,36,observed,0
DeepSeek V4 Pro,TG,receiver,20,3.3333333333333335,5.773502691896257,-11.00884243232047,17.67550909898714,3,3,25,observed,0
DeepSeek V4 Pro,TG,sender,21,37.5,14.43375672974064,1.6445605858654915,73.35543941413451,3,3,36,observed,0
DeepSeek V4 Pro,TG,receiver,21,0.0,0.0,0.0,0.0,3,3,20,observed,0
DeepSeek V4 Pro,TG,sender,22,38.888888888888886,9.622504486493765,14.9852626127992,62.79251516497857,3,3,36,observed,0
DeepSeek V4 Pro,TG,receiver,22,3.7037037037037037,6.415002990995841,-12.232047147022747,19.639454554430156,3,3,21,observed,0
DeepSeek V4 Pro,TG,sender,23,33.333333333333336,15.023130314433287,-3.986191228827508,70.65285789549418,3,3,36,observed,0
DeepSeek V4 Pro,TG,receiver,23,0.0,0.0,0.0,0.0,3,3,17,observed,0
DeepSeek V4 Pro,TG,sender,24,33.33333333333333,0.0,33.33333333333333,33.33333333333333,3,3,36,observed,0
DeepSeek V4 Pro,TG,receiver,24,0.0,0.0,0.0,0.0,3,3,17,observed,0
DeepSeek V4 Pro,TG,sender,25,27.5,5.068968775248513,14.907983505876329,40.09201649412367,3,3,36,observed,0
DeepSeek V4 Pro,TG,receiver,25,5.5555555555555545,9.622504486493762,-18.34807072053412,29.45918183164523,3,3,18,observed,0
DeepSeek V4 Pro,TG,sender,26,25.0,11.02396379610246,-2.3850441985290836,52.38504419852909,3,3,36,observed,0
DeepSeek V4 Pro,TG,receiver,26,0.0,0.0,0.0,0.0,3,3,13,observed,0
DeepSeek V4 Pro,TG,sender,27,27.777777777777782,6.3646884652164415,11.967015137987223,43.58854041756834,3,3,36,observed,0
DeepSeek V4 Pro,TG,receiver,27,0.0,0.0,0.0,0.0,3,3,14,observed,0
DeepSeek V4 Pro,TG,sender,28,35.0,14.601179556612692,-1.2713407721700634,71.27134077217006,3,3,36,observed,0
DeepSeek V4 Pro,TG,receiver,28,0.0,0.0,0.0,0.0,3,3,18,observed,0
DeepSeek V4 Pro,TG,sender,29,36.94444444444444,10.080692950902256,11.902614924842759,61.98627396404613,3,3,36,observed,0
DeepSeek V4 Pro,TG,receiver,29,0.0,0.0,0.0,0.0,3,3,18,observed,0
DeepSeek V4 Pro,TG,sender,30,24.444444444444443,5.023094811118092,11.966385194603221,36.922503694285666,3,3,36,observed,0
DeepSeek V4 Pro,TG,receiver,30,8.333333333333334,14.433756729740644,-27.52210608080118,44.18877274746785,3,3,14,observed,0
